粵字,粵拼,同音字,紫光拼音,全拼,五筆,倉頡,簡略解釋與例子
唔,m4,呣,wu,wu,kgkg,rmmr,不：～好、～得、唔緊要（不要緊）
揞,am2,黯,an,an,rujg,qyta,捂：～實個傷口（捂住傷口）
奀,an1,/,en,en,gidu,mfk,瘦弱、瘦小：～瘦、～挑鬼命（瘦小得可憐）
䟴,an3,/,/,/,khde,rmmmv,搖、振：～～腳（悠閒狀）
罯,ap1,噏,an,an,lujf,wlyta,長時間放在陰暗潮濕不通風處，使變質或發酵：～生草藥、～臭
噏,ap1,悒,xi,xi,kwgn,rory/rorm,說，隨意地說，通常帶貶義：亂～（胡說）、～三～四（説三道四）
悒,ap1,噏,yi,yi,nkcn,prau,內心憂鬱，不舒暢：心～
扤,at1,/,wu,wu,rgqn,qmu,壓、塞：～實個樽蓋（塞緊瓶蓋）、將棉胎～實啲（把棉被壓緊點）
漚(沤),au3,慪,ou,ou,iakk(iaqy),esrr,"【1】將某物放置一段時間，使其發酵或變質：～爛【2】憋：～氣（憋氣）"
吖,aa1,丫,/,ya,kuhh,rcl,"句末語氣助詞，可表示輕微的讓步，或與「嘛」連用：係～，你講得冇錯。唔係咁黑～嘛！（不是這麽倒霉吧！）"
嗌,aai3,/,ai,ai,kuwl,rtct,"【1】大聲叫：～佢過嚟、～救命【2】吵架：～交、相～唔好口"
呃,aak1,厄,e,e,kdbn,rmsu,騙：佢成日～我、～飲～食（騙喝騙吃的）
鈪,aak3,軛,e,ngag,qdbn,cmsu,鐲子：金～、手～
晏,aan3,鷃,yan,yan,jpvf,ajv,"【1】遲：咁～先起身。【2】中午或下午：食～（吃午饭）、～晝（下午）"
餲,aat3,壓,ai,ai,wyvn,oiapv,臭（通常指帶有尿味）：個廁所好～。
拗,aau2,/,ao,ao,rxln,qvis,折彎，折斷：～斷條樹枝、～柴（腳扭傷或斷了）
詏,aau3,坳,yao,yao,yxln,yrvis,爭執、爭辯：～撬、～頸（耍脾氣堅持自己的意見）
屙,o1,柯,e,e,nbsk,snlr,排便：～屎（拉大便）、～肚（拉肚子）
愛(爱),oi3,/,ai,ai,epnt(epdc),bbpe,要：你重～唔～？（你還要不要？）你～邊種？（你要哪种？）
壅,ung1,/,yong,weng/yong,yxtf,yvgg,（以土或土狀物）埋、堆：～多啲泥（多培些泥）、啲沙～住我隻腳
擁,ung2,/,yong,yong,ryxy,qyvg,推：佢～咗個女入火坑。
蕹,ung3,甕,weng,weng,ayxy,tyvg,～菜（通心菜，粵語又叫「通菜」）
凭,bang6,/,ping,ping,wtfm,oghn,倚、靠：挨挨～～（兩人挨挨靠靠的）
𢳂(𢴩),bat1,筆,/,/,rjaf(rtvh),qwtj,用勺子將東西從一個地方裝到另一個地方：～飯（裝飯）
湴,baan6,辦,ban,ban,iuog,ettc/ettm,爛泥：泥～
𠾴,baang6,/,/,/,ksdh,rdqq,冚～唥（全部）
睥,be1,啤,pi,pi,hrtf,buhhj/buhwj,用眼睛長時間盯着：眼～～（眼瞪瞪釘着）、～咩～！（看什麽看！）
髀,bei2,比,bi,bi,merf,bbhhj/bbhwj,通「肶」，即大腿：鷄～
畀,bei2,比,bi,bi,lgjj,wml,"【1】給：～錢【2】被：～人鬧（被人罵）【3】讓：唔～入（不讓進去）"
潷(滗),bei3,秘,bi,bi,itvh(ittn),ehlq,格、過濾：～咗啲菜汁
甂,bin1,辮,bian,bian,ynmn,ibmvn,闊口食盤，煮食器皿：打～爐（吃火鍋）
咇,bit1,必,bi,bi,kntt,rph,液體從小孔噴出：水管壞咗，～水出嚟（水管壞了，噴水出來）
飆(飙)(飇),biu1,標,biao,biao,dddj(dddq)(mtjd),ikhni(hnikk),形容快速，像風一樣：佢～得好快（他跑得很快）
噃,bo3,播,bo,bo,ktol,rhdw,"句末語氣詞，表示叮囑或肯定：你好叻～。（你挺能幹的）你記住準時到～。（你記緊要準時到）"
㩧,bok1,糪,/,/,rjai,qate,用棍或棍狀物打：～穿個頭（打穿頭）
煲,bou1,褒,bao,bao,wkso,odf,"【1】名词，壁較陡直的鍋：飯～、藥～【2】動詞，煮：～湯"
菢,bou6,哺,bao,bao,arqn,tqpu,"【1】孵：～鷄仔（孵小鷄）【2】使暖和：～暖個被兜（將被窩弄暖）"
伏,buk6,僕,fu,fu,wdy,oik,趴，俯伏：～低（趴下）、～伊人、～匿匿（捉迷藏）
𩗴,bung6,埲,/,/,mtjh,hnqkq,量詞「陣」、「股」：一～臭味（一股臭味）
侵,cam1,駸,qin,qin,wvpc,osme,使進入、參加：～埋我玩啦（讓我參加一塊兒玩吧）、～啲水入去（加點水進去）
譖(谮),cam3,唚,zen,zen,yaqj(yaqj),yrmua,長氣、囉嗦：你好～呀！（你眞囉嗦！）
搊,cau1,秋,chou,chou,rqbt,qpuu,"【1】有挽手的袋子：手～【2】量詞「串」：一～鎖匙"
搽,caa4,茶,cha,cha,raws,qtod,塗：～葯（敷藥）、～脂蕩粉（涂脂抹粉）
篸,caam2,慘,can,can,tcce,hiih,簸箕：垃圾～
巉,caam4,蠶,chan,chan,mqky,unri,嶙峋突兀：岩～（表面突兀不平，指難看）
㔆,caam5,/,/,/,aqaj,maln,刺：隻手～到刺（被刺刺到手了）
罉,caang1,撐,cang,cang,rmir,oufbq,平底鍋：砂煲甖～（瓦鍋瓶罐）
耖,caau3,觘,chao,chao,diit,qdfh,翻箱倒櫃或費很大勁地找：從工具箱～粒螺絲出嚟、～勻全世界都要～到佢
觘,caau3,耖,chao,chao,qeit,nbfh,一般指給牛挑了起來：畀隻牛～起
唓,ce1,車,che,che,klh,rjwj,句頭語氣詞，表示不屑：～，你估我唔知咩！（有什麽了不起，你以為我不知道？）
膥,ceon1,春,/,/,gsdw,dsobo,"【1】卵：鷄～【2】睾丸：～袋"
嗤,ci1,癡,chi,chi,kbhj,rumi,噴氣：打乞～（打噴嚏）
黐,ci1,癡,chi,chi,twic,heyub,"粘：黐綫/黐孖筋（神經病），不要寫為「癡綫」"
撍,cim4,潛,qian,qian,raqj,qmua,抽：～烏龜（一種撲克遊戲）
掅,cing3,秤,qing,qing,rgeg,qqmb,提：～起個袋（把袋子提起來）、抽～（挑剔）
埕,cing4,情,cheng,cheng,fkgg,grhg/grmg,一種缸狀容器，通常用於盛酒：酒～
啋,coi1,/,cai,cai,kesy,rbd,語氣詞，在某人說了不吉利東西后用該字，以表示不吉利的東西不會靈驗：～！咪講唔吉利嘅嘢（呸，別說些不吉利的話）
焯,coek3,桌,chao/zhuo,chao/zhuo,ohjh,fyaj,"把食物放在滾水裏略微一煮就拿出來：～生菜"
噱,coek3,桌,jue,jue,khae,rypo,～頭（吸引人的東西、新意思）
暢(畅),coeng3,唱,chang,chang,jhjr(jhnr),llamh,找續零錢：～散紙（把大張的錢找開）
抵,dai2,底,di,di,rqay,qhpm,"【1】值得：件衫好～買（這衣服很實惠）【2】該，活該（由【1】的意義引申而得）：～死（該死）、你咁醒，～你發達（你這麽能幹，發財是無可非議的）"
揼,dam1,/,beng,dem,rdiy,qmre,拖延：～時間（拖時間）
抌,dam2,沊,dan,dan,rpqn,qlbu/qhbu,扔：～石仔（扔小石子）、～咗佢（扔了它）
揼,dam2,/,beng,dem,rdiy,qmre,用拳頭打：～心口（捶胸口）、～你一捶（打你一拳）
沊,dam2,抌,dan,dan,pqii,lue/hue,水聲：～一聲跳落水
髧,dam3,/,dan,dan,depq,shlbu/shhbu,垂下：頭髮長到～落膊頭
躉(趸),dan2,/,dun,dun,ajmh(dnkh),twbo,"【1】基部、基本支持物：橋～（橋墩）、擁躉（支持者）【2】放：～低行李（放下行李）、～喺呢度（放在這裡）"
扽,dan3,/,den,den,rgbn,qpu,震動、顛簸：路唔平，開車好～（路不平，開車很顛簸）
戥,dang6,鄧,deng,deng,jtga,ami,替：～你唔抵（替你可惜）、～秤（充秤）
耷,dap1,/,da,da,dbf,ksj,垂下：頭～～（垂頭喪氣的樣子）
溚,dap6,/,da,da,iawk,etor,淋：～雨
腯,dat1,/,dun,dun,erfh,bhju,形容肥、矮：肥～～、矮～～
竇(窦),dau3,鬥,dou,dou,pwfm(pwfd),jcgwc,窩、巢：狗～（狗窩）、雀～（鳥巢）
哣,dau6,豆,pou,deo,kgku,rmrt,與「吽」連用：發吽～（發呆）
竇(窦),dau6,豆,dou,dou,pwfm(pwfd),jcgwc,父親：老～（爸爸）
大,daai6,/,da,da,dddd,k,搬出某些優勢使別人處於下風：你唔好～我（你不用在我面前搬你的底牌出來）
覘(觇),daam1,擔,chan,chan/ji,hkhq(hkmq),yrbuu,擡頭：～天望地，～高個頭
啖,daam6,氮,dan,dan,kooy,rff,量詞「口」：食～飯啦（吃口飯吧），得返一～氣（祇剩一口氣）
嗒,daap1,/,da/ta,da/ta,kawk,rtor,含着口中慢慢嚐味：慢慢～先好味（慢慢嚐才好味）、～糖（咂糖果，引申為對某人產生愛慕）
沓,daap6,踏,da/ta,da/ta,ijf,ea,"【1】量詞「曡」，通常指比較厚的一「曡」：一大～（一大疊）、～水（有錢）【2】動詞「曡」～正八點（剛好八點）"
笪,daat3,韃,da,da,tjgf,ham,量詞「片」、「塊」：呢～地方（這片地方）、大～地（地攤市場，通常是露天的）
撻(挞),daat3,/,ta,ta,rfuq(rdpy),qygq,拿出來，擺出來：～個大名出嚟（把大名說出來）、～個工作證出嚟，佢即時畀面（把工作證拿出來）
躂(跶),daat3,/,da,da,khfp(khdp),rmygq,絆倒，摔倒：～低
嗲,de2,/,dia,dia,kwqq,rckn,撒嬌：～聲～氣、～佢男朋友。（向她男朋友撒嬌）
嗲,de4,/,dia,dia,kwqq,rckn,像聲詞：水流到～～聲（水流得咚咚聲）、口水～～渧（口水不住地流出來）
地,dei2,/,dei,dei,f,gpd,助詞，表示有一點兒：傻傻～（有點兒傻）、酸酸～（有點兒酸）
哋,dei6,地,dei,dei,kfbn,rgpd,指複數，相當於「們」：佢～（他們）
趯,dek3,/,ti,ti,fhny,gosmg/gosyg,跑：東～西～（東奔西跑）、未放工，啲人就～晒（未下班，人都走光了）
掟,deng3,/,ding,ding,rpgh,qjmo,擲、扔：～石仔（擲小石塊）
埞,deng6,訂,di,di,fpgh,gjmo,地方：冇～企（沒地方站）
㨃,deoi2,隊,/,/,rybg,qyrd,捅、伸：～支棍入去（把棍子伸進去）、～冧（殺死）
啲,di1,/,di,di,krqy,rhai,些：有～人（有些人）
屌,diu2,/,diao,diao,nkmh,srlb,粗口
扚,dik1,的,di,di,rqyy,qpi,提拿：～起佢（提起他）
點(点),dim2,/,dian,dian,lfok(hkou),wfyr,怎、怎樣、怎麽：～樣、～解（為什麽）
掂,dim3,店,dian,dian,ryhk,qiyr,接觸、摸：～吓都唔得（摸一下都不行）
𠶧,dim6,/,/,/,kyhk,riyr,"【1】可以，没问题：搞～（辦妥）、～晒（全部搞好）【2】直：橫～（横直、反正）"
椗,ding3,碇,ding,ding,spgh,djmo,節：喉嚨～（喉核）
定,ding6,訂,ding,ding,pghu,jmyo,"連詞「還是」，一般用於選擇疑問句，與「定係」相同：你想食蛋糕～麵包？前面轉左～係轉右？"
尐,dit1,/,ji,ji,iyu,fo,一點兒，形容數量少或程度小：～咁多（一點點）
屌,diu2,/,diao,diao,nkmh,srlb,"【1】男性生殖器：托～【2】男子性交動作"
啄,doeng1,/,zhuo,zhuo,keyy,rmso,啄食、啄咬
䐁/㞘,duk1,督,/,/,eeyy/neyi,smso,尾：沿住條路行到～。
厾,duk1,督,du,du,nfci,ngi,刺、捅：～穿個窿（捅個窿）、～背脊（打小報告）
戙,dung6,洞,dong,dong,mgka,bri,竪：一橫一～（一橫一竪）、～喺度（竪放在那裏）
嘟,dyut1,/,dun,dun,erfh,rjal,"【1】形容肥：肥～～【2】擬聲詞"
瞓,fan3,訓,fen,fen,hykh,buyrl,睡覺：～覺、～唔着（睡不着）
窟,fat1,忽,ku,ku,pwnm,jcsuu,屁股：屎～
戽,fu3,富,hu,hu,ynuf,hsyj/isyj,戽水（往外潑水）、～被（睡覺踢被子）、～棋（下棋時快要輸的時候推翻棋盤不認賬）
偈,gai2,/,ji/jie,ji/jie,wjqn,oapv,心聲、談話的内容：傾～（聊天），非寫為「傾計」
髻,gai3,計,ji,ji,defk,shgr,盤在頭頂或腦後的發結：丫角～
噉,gam2,敢,dan,dan,knbt,rmjk,"【1】代詞「這樣」：苦瓜～面（像苦瓜似的臉）、～都得？（這樣都可以？）【2】助詞「地」：好嬲～走咗（生氣地走了）"
咁,gam3,禁,gan,gan,kafg,rtm,副詞「這麽」：天氣～熱（天氣這麽熱）、～犀利（這麽厲害）
黚,gam4,/,jian,jian,lfof,wftm,形容黃黃的，通常有少少貶義：黃～～
撳(揿),gam6,/,qin,qin,rqqw(rqqw),qcno,按：～釘（圖釘）、撳電掣（按電鈴）
緊(紧),gan2,/,jin,jin,ahni(jcxi),sevif,表示進行中：你做～乜啊？（你正在幹什麽？）、睇～電視。（正在看电视）
哽,gang2,/,geng,geng,kgjq,rmlk,觸着硬的不平的東西，或被硬物頂着：石仔～腳、有嘢～住我背脊。
佮,gap3,蛤,e/ge,e/ge,wwgk,oomr,合：～份（合份）、～埋（合起來）
蛤,gap3,鴿,ge/ha,ge/ha,jwgk,liomr,青蛙的一種稱呼：蛤乸（青蛙）
㓤,gat1,吉,/,/,fkjh,grln,～咗一下（刺了一下）
趷/趌,gat6,/,ke/ji,ke/ji,khtn/fhfk,rmon/gogr,踮起腳，或一上一下的樣子：～跛跛（單腳跳）、躝屍趷路（滾蛋）、～高（踮高腳）
㞗,gau1,/,/,/,nfiy,sije,粗口：關你～事（關你屁事）
嚿,gau6,舊,huo,geo/huo,kawv,rtox,塊：一～石頭、一～麵包
㗎,gaa2,假,/,/,klks,rkrd,句末語氣詞：你要話我知先得～（你要告訴我才行啊）
㗎,gaa3,價,/,/,klks,rkrd,句末語氣詞，表示陳述：佢好叻～（他很棒的）
㗎,gaa4,價,/,/,klks,rkrd,句末語氣詞，表示疑問：你識得佢～？（你認識他的？）
鎅(𠝹),gaai3,介,gai,gai,qlwj(lwjj),cwol(wlln),鋸、割、切：～玻璃、～紙刀、～親手（割傷手）
梘(枧),gaan2,簡,jian,jian,shqn(smqn),dbuu,肥皂：番～
曱,gaat6,/,yue,yue/gad,jhk,wml/wmll,與「甴」連用：～甴（蟑螂）
鉸(铰),gaau3,較,jiao,jiao,quqy(quqy),cyck,通常指兩部分的絞合處：～剪（剪刀）、門～（固定門的折疊處）、甩～（兩骨跟之間的軟骨移位了）
嘅,ge3,/,ge/kai,ge/kai,kvcq,rhpu/raiu,"【1】助詞「的」：我～書（我的書）【2】句末語氣詞，類似「的」：呢本書係我～。"
擏,geng6,/,jing,jing,raqt,qtrk,小心：～住～住噉入去（小心翼翼地進去）、～惜吓啲嘢啦（愛護一下東西吧）
篋,gip1,喼,qie,qie,tagw(tadw),hsko,裝衣服的箱子，一般指出差旅行用的那種：皮～
喼,gip1,篋,jie,gib,kqvn,rnsp,"喼汁：調味醬汁，是英語catsup的音譯詞"
撟,giu2,繳,jiao,jiao,rtdj(rtdk),qhkb,擦：～眼淚
嗰,go2,/,ge,go,kwld,rowr,那：～個人、嗰日（那天）
掆,gong1,江,gang,gang,rmqy(rmum),qbtu,擡、擧：～住隻碗
弶,gong6,/,jiang,jiang,xyiy,nyrf,動物身前的鉗子：蟹～（蟹螯）
啹,goe4,/,/,/,kndg,rsjr,服氣、呼氣：唔～（不服氣）
蠱(蛊),gu2,古,gu,gu(ye),jjjl(jlf),lilit,"【1】動詞，使人迷惑：～惑
【2】形容詞，精乖、古靈精怪、鬼鬼祟祟的：呢個人～～惑惑（這人鬼鬼祟祟的）"
攰,gui6,/,gui,gui,fclv,jeks,累：返工好～（上班很累）
焗,guk6,局,ju,ju(kao),onnk,fssr,在一個封閉的環境加熱：～飯（燜飯）、～熱（悶熱，不通風）。同「焅」
鑽(钻),gyun1,/,zuan,zuan,qtfm(qhkg),chuc,鑽入，穿入，進入：～入去（爬進去）、～褲襠（從胯下爬過）
簋,gwai2,鬼,gui,gui,tvel,havt,古代盛食物的器具：九大～（形容菜肴非常豐盛），非寫為「九大鬼」
滾(滚),gwan2,/,gun,gun,iuce(iuce),eycv,液體溫度達到沸點而翻騰，溫度高：～水（開水）、水～（水開了）、火～（生氣）
啩,gwaa3,卦,gua,gua,kffh,rggy,語氣助詞，類似疑問語氣的「吧」：你會應承～？（你會答應吧？）
膼,gwaa1,瓜,zhua,zhua,emnp,bybb,腿、臂的肌肉：腳～、手～
摑,gwaak3,/,guai/guo,guai/guo,rlgy(rlag),qwim,抽打：～幾巴（抽幾個耳光）
躀,gwaan3,慣,guan,guan,khxm,rmwjc,摔、絆：～低（摔倒）
刮,gwaat3,颳,gua,gua,tdjh,hrln,找人：～佢出嚟（找他出來）
閪,hai1,/,/,seo,usd,anmcw,女性外生殖器；粗口：屌你老母～（***的屄）。同「屄」。
喺,hai2,/,xi/bei,bei,kwti,rohf,在：～屋企（在家裡）、～度（在這裏）
係,hai6,兮,xi,xi,txiu(wtxi),ohvf,是：我～廣東人、～唔～
扻,ham2,坎,kan,kan,rqwy,qno,（一般指頭）撞：～頭埋牆（把頭往牆上撞）
冚,ham6,/,kan,hem/kan,pmj,bu,全，全部：～家（全家）
恨,han6,/,hen,hen,nvey,pav,很想：～咗好耐（想要了很久）、好～食（很想吃）
拫,hang4,衡,hen,hen,rvey,qav,盡、極：風車轉到拫（風車轉得飛快）、油門踩到～（踩盡油門）
瞌,hap1,恰,ke,ke,hfcl,bugit,小睡、打瞌睡：～一陣（小睡一會）、～眼瞓
睺,hau1,/,hou,hou,hwnd,buonk,"【1】盯、密切監視：睺實佢（盯住他）【2】趁：～佢唔注意（趁他不注意）"
吓,haa2,/,xia,xia,kghy,rmy,疑問語氣詞，表示驚訝，或聼不清楚：～？唔係呀？（哎呀！不是吧？）、～？你講咩啊？
吓,haa5,下,xia,xia,kghy,rmy,結構助詞，表示短暫的動作：嚇～你（嚇一下你）、睇～先（先看一下）
揩,haai1,/,kai,jia/kai,rxxr,qppa,觸碰、沾、染：～油（佔小便宜）、～邊（觸到邊上）
嚡,haai4,鞋,hai,hai,kaff,rtjg,澀，粗糙：條脷好～（舌頭很澀）、塊面好～（面很粗糙）
喊,haam3,/,han,han,kdgt,rihr,哭，注意廣州話不是指大聲叫：～得好淒涼
慳,haan1,/,qian,qian,njcf(nahf),pseg,節省：～錢、～電
呷,haap3,掐,ga/xia,ga/xia,klh,rwl,雙唇合起地嘗、吃：～醋（吃醋）
姣,haau4,/,jiao,xiao/jiao,vuqy,vyck,風騷、淫蕩：～婆（蕩婦）、發～（發情）
餼(饩),hei3,氣,xi,xi,wyvo(qnrn),oiond,喂：～豬
墟,heoi1,虛,xu,xu,fhag,gypm/gypc,市集：趁～（趕集）、一個～咁嘈（像市集那麽吵鬧）
芡,hin3,獻,qian,qian,aqwu,tno,烹調時用淀粉（豆粉）加水調成的濃汁：打～
㷫,hing3,慶,/,/,fnmo,gef,熱、激動、生氣：啲水好～（水很熱）、佢對我爆粗，我而家好～（他剛才對我說粗話，我現在很生氣）
䁋,hip1,/,/,/,hans,buptd,閉（眼）：～埋眼
呵,ho4,河,he,he,ksk,rmnr,呼氣：～氣
炕,hong3,/,kang,hang/kang,oym,fyhn,烤、烘：炕麵包（烤麵包）
降,hong4,航,xiang,xiang,btah,nlheq,（刀）等架在脖子上：個賊用把刀～住我條頸
曳,jai5,/,ye,ye,jnte,lwp,淘氣：唔好咁～（別淘氣）
廿,jaa6,/,nian,nian,aghg,t,二十：今年～嵗、～一世紀
吔,jaa1,/,ye,ye,kbn,rpd,表示驚異或感嘆：哎～！打得少啊你？
踹,jaai2,/,chuai,chuai,khmj,rmumb,踩：～死蟻（踩死螞蟻）、～單車（踩/騎自行車）
擪,jaap3,/,xi,xi,wgkn,mkq,打的要～吓手（打的要招手）
嘢,je5,野,ye,ye/ge,kjfb,rwgn,東西：搵～（找東西）、乜～（什麽）
膶,jeon2,/,run,yen,eugg,bang,肝臟：鷄～（鷄肝）、豬～（豬肝）
膉,jik1,益,yi,yi,euwl,btct,食物（特別是油膩食物）因放置時間長而變質所產生的一種味道：呢啲臘腸好～、一陣油～味（一股變質的油味）
厴,jim2,掩,yan,yan,ddlk(djel),mkwl,肋下兩側：小～
躽,jin2,演,yan,yan,tmdv,hhsav,挺：～胸凸肚
衒,jin2,演,xuan,xuan,tyxh,hoyin,炫耀自我：～嘢
掖,jip3,頁,ye,ye,rywy,qyok,～高褲腳（把褲腿卷起來）
鷂,jiu2,妖,yao,yao,ermg(ermo),buhaf,紙～（風箏）
喐,juk1,郁,yu,yu,kdeb,rkbl,動：～手（動手）、咪～（不要動）
瘀,jyu2,嫗,yu,yu,uywu,kysy,"【1】丟臉，沒臉：好～呀！（好丟臉呀！）【2】凝滯：隻手～咗（手青了一塊）"
禁,kam1,衿,jin,jin,ssfi,ddmmf,耐：唔～用(不耐用)，～着(耐穿)，～睇(耐看)
襟,kam1,衿,jin,jin,pusi,lddf,對妻子的姊妹之夫的稱呼：老～、～兄
冚,kam2,/,kan,hem/kan,pmj(kssy),bu,覆蓋、蓋：～被（蓋被子）
妗,kam5,/,jin,jin,vwyn,voin/vomn,舅母：～母
骾,kang2,/,geng,geng,qggq(qogq),bbmlk,噎住、卡住：食慢啲，咪～親。（慢點吃，不要噎住。）、～親魚骨（卡着魚骨了）
扱,kap1,吸,cha,cha,reyy,qnhe,（從上往下）蓋：～章（蓋章）
徛,kei5,/,qi,qi,whf,hokmr,站：～起身（站起來）
佢,keoi5,距,qu,qu,wang,oss,他，她，它，牠，祂：～哋（他們）
㨴,kin2,/,jian,jian,rvfp,qjjn,揭開，翻開：～起個蓋（揭開蓋）、～咗幾頁（翻了幾頁）
瓊,king4,鯨,qiong,qiong,gyiy(gqmt),mgnbe/mgnbk,凝固成固體或弄干水分：豬油～咗、～干水（把水分去掉）
巧,kiu2,轎,qiao,qiao,agnn,mmvs,"【1】巧合：有咁啱得咁～（說多巧有多巧）【2】秘訣：～妙"
繑,kiu5,/,qiao,qiao,xtdk,vfhkb,纏繞：啲綫～住咗（綫相互纏住了）
搉,kok1,毃,huo,huo,rpwy,qobg,"【1】敲：～頭殼（敲腦袋）【2】象聲詞：～～聲"
蔃,koeng5,襁,jiang,jiang,axkj,tnii/tnri,粗根：有根有～
绲(緄),kwan2,菌,hun,hun,xjxx,vfapp/vmapp,圍繞：手指～晒黑邊（手指甲很髒）
纊(纩),kwang3,/,kuang,kuang,xyaw/xyt,vfitc/vmi,絆、碰：唔小心～到個花樽
捩,lai2,戾,lie,li/lie,rynd,qhsk/qisk,轉：～手掟咗佢（轉過手就扔掉它）
戾,lai2,捩,li,li,yndi,hsik/isik,歪曲、冤枉：～橫折曲（顛倒是非黑白）、冤～（冤枉）
嚟,lai4,黎,li,li,ktqi,rhhe,來：過～、行～行去（走來走去）
簕,lak6,勒,le,le,tafl,htjs,刺：玫瑰花好多～
冧,lam1,/,min,min,pssu,bdd,"【1】数字：～巴（號碼）、靚～（好號碼）【2】甜蜜：好～、～女（哄女孩子）"
冧,lam3,/,min,min,pssu,bdd,"【1】倒：撞～（撞倒）、～樓（樓房倒塌）【2】堆起，連續：～起啲積木（堆起積木）、～莊（連莊）"
掕,lang3,/,nai,nai,pucx,qgce,"【1】阻礙、拖累：佗手～脚【2】量詞，形容數目眾多的一堆東西：一搊二～（手上提滿東西）、一～鎖匙"
笠,lap1,/,li,li,tuf,hyt,帽子、覆蓋物：～衫（過頭穿的衣服）、執～（破產）
甩,lat1,/,shuai,shuai,env,bqu,脫：～手（脫手）、～褲（褲不小心掉下來）、～底（放鴿子）
褸,lau1,摟,lou,lou,rovy(rlfv),lllv/llav,"【1】大衣：皮～（皮大衣）【2】披大衣：～返件衫啦（披上大衣吧）"
嘍(喽),lau3,褸,lou,lou,kkgv(kovg),rllv,逗，主動招惹：～佢講嘢
罅,laa3,喇,xia,xia,rmhh,ouypd,隙：鑽窿鑽～（到處鑽）
喇,laa3,罅,la,la,kgkj,rdln,助詞，相當於「了」：我識做～（我懂得怎樣做了）
孻,laai1,拉,nai,nai,bvhl,ndlmt,最後的一個：～仔（最小的兒子）、～屘（倒數第一）
攋,laai6,賴,la,la,rgkm,qdlc,"【1】漏了：～低條鎖匙（漏了帶鑰匙）【2】不能控制地大小便：～尿"
嘞,laak3,/,lei,le/lei,kafl,rtjs,助詞，相當於「了」，一般表示肯定或有把握：我識做～（我懂得怎樣做了）
躝,laan1,/,lan,lan,khui,rmanw,爬：啲蟲躝嚟躝去、～出去！（滾出去！）
唥,laang1,/,lang,lang,kuwc,rimi,象聲詞：～～聲、～鐘（鬧鐘）
擸,laap3,/,la,la,rvln,qvvv/qvvu,順手地抓、拿：～～埋埋一大堆（收刮了不少東西）、～住佢隻手（順手捉住他的手）
䁽,laap3,擸,/,/,hvln,buvvv/buvvu,短時間地看一下，驟看上去：～吓眼、～到佢喺附近（瞥見他在附近）
邋,laat6,辣,la,la,vlqp,yvvv/yvvu,邋遢（骯髒）
迾,laat6,辣,lie,lie,gqjp,ymnn,行：一～樹
嚟,lei4,梨,li,li,ktqi,rhhe,來：過～、行～行去（走來走去）
脷,lei6,利,li/lei,li/lei,etjh,etjh,舌頭：豬脷（豬舌頭）
叻,lek1,/,le,le,kln,rks,聰明、能幹：你眞係～（你眞行）、～仔（聰明能幹的小伙子）
僆,leng1,/,lian,lian,wlph,oyjj,小子，有時有看不起人的意思：～仔（小孩，毛頭小子）
靚(靓),leng3,/,jing/liang,jing/liang,gemq(gehq),qbbuu,美、好：～女（美女）、～仔（俊男）、心情好靚（心情很好）
噒,leon1,/,lian,lian,koqh,rfdq,用口吸或啃乾淨骨頭周圍的肉，有時也可用於其它食物：～鷄脚、～骨
拎,ling1,/,lin,lin,rwyc,qoii/qoni,拿、取：～畀我（拿來給我）
纈,lit3,/,xie,xie,xfkm(xfkm),vfgrc,結：打死～（打死結）
撩,liu1,/,liao,lao,rdui,qkcf,用細長的東西挖：～鼻屎（挖鼻屎）、～牙（用牙籤剔除牙垢）
鷯,liu1,/,liao,liao,dujg(pwjo),kfhaf,～哥（八哥鳥）
撩,liu2,/,liao,liao,rdui,qkcf,用細長的東西攪拌：～吓杯咖啡（攪拌一下咖啡）
撩,liu4,燎,liao,liao,rdui,qkcf,惹：～是鬥非（惹是生非）、～佢講也嘢（逗他説話）
囉,lo1,/,luo,luo,klqy(klxy),rwlg,語氣詞，表示粵語獨有的一種陳述或感嘆語氣：做咪做～（做就做唄，有點不情願）、咁咪係～（那不就是嘛！）
攞,lo2,裸,luo,luo,rlxy,qwlg,拿：～錢（取錢）、～住（拿着）
咯,lo3,/,luo,luo,ktkg,rher,"句末助詞，表示祈使邀請或肯定陳述語氣：陪我去行街～。（陪我逛街吧）今次大鑊～。（這次大件事了）"
囉,lo4,羅,luo,luo,klqy(klxy),rwlg,語氣詞，表示粵語獨有的一種陳述語氣：佢話你唔啱～（他說你不對呀，稍微強調使他說的）
狼,long4,/,lang,lang,qtye,khiav,狠、貪婪：佢打交好～（他打架很狠）、食飯好～（吃飯狼吞虎咽的貪婪樣子）
晾,long6,浪,liang,liang,jyiy,ayrf,～衫（晾衣服）、～蚊帳（掛蚊帳）
佬,lou2,/,lao,lao,wftx,ojkp,對男人的稱呼，通常帶有不尊重的意味：肥～（胖子）、差～（警察）、外省～（外省人）
噜,lou3,/,lu,lu,kqg,rnwa,代詞，有「那」的意思：又呢又～（又這又那），現在較為少用
轆,luk1,麓,lu,lu,lynx(lynx),jjixp,"【1】名詞「輪子」：車～【2】動詞「轉輪狀物、滾動」：個波喺度～（球在滾）、部車～過去（車的輪子從上面滾過）"
睩,luk1,麓,lu,lu,hviy,buvne/bunme,瞪：～大眼（瞪大眼）、眼～～（眼球圓瞪瞪的樣子）
碌,luk1,麓,liu/lu,liu/lu,dviy,mrvne/mrnme,量詞，一大根：一～木（一根木頭）、一～葛（形容笨）
淥,luk6,錄,lu,lu,iviy(ixgi),evne,用熱水或熱的液體燙：～吓筷子（燙一下筷子消毒）、～吓啲菜（那些菜滾一下）、滾水～腳、畀熱水～親
竉,lung1,燶,long,long,pwud,jcybp,洞，孔穴：穿～（穿了洞）、鑽[gyun1]～鑽[gyun1]罅（到處去）
攣,lyun1,/,luan,lian/luan,yorj(xyxr),vfq,不直、曲：～毛（卷曲頭髮）
捋,lyut3,劣,luo,lu/luo,refy,qbdi,手握着東西向一端抹：～高衫袖、～鬍鬚
咪,mai5,米,mi,mai/mi,koy,rfd,不要，別：你～理（你別管）、～嘈（別吵）
咪,mai6,/,mi,mai/mi,koy,rfd,就：噉～啱囉（這樣就對了）、～係囉（就是嘛）
嘜(唛),mak1,/,ma,ma,kgty(kdwq),rjon/rjoe,"【1】標記、商標，來源於英文單詞mark：～頭（商標）【2】量詞「杯、小勺」：一～米（一勺杯米）"
癦,mak2,墨,me,me,ulff,kwgg,痣：～屎（皮膚下的多顆小痣）
文,man1,蚊,wen,wen,yygy,yk,元：一～鷄（一元錢）
炆,man1,蚊,wen,wen,oyy,fyk,燜：～牛腩
抆,man2,/,wen,wen,ryy,qyk,把東西抹去，或填平：～屎（大便后清理肛門）、～啲石灰上去（用石灰來填平）
璺,man6,問,wen,wen,wfmy,hbmgi,微裂，出現裂紋：打爛砂盆～到㞘（打破砂盆問到底）
掹,mang1,/,meng,meng,rblg,qndt,拉，扯：～衫尾（扯着衣服下沿）
乜,mat1,/,mie,mie/nie,nnv,pn/ps,什麽：～名（什麼名）、～嘢（什麽東西）
踎,mau1,/,mou,meo,khgk,rmmfr,蹲：～低（蹲下）、～街（不雅地蹲在街上）、～塔（蹲在馬桶上）
孖,maa1,媽,ma,ma,bbg,ndnd,雙的：～仔（孿生兒子）、打～嚟（兩個一起來）
嫲,maa4,麻,ma,ma,vyss,vidd,奶奶：阿～、太～（曾祖母）
埋,maai4,/,mai,mai,fjf,gwg,"【1】助詞，表示連同一齊做某件事：等～我啊！（等等我！）、同～（連同）、做～啲嘢先（先做完這些東西）【2】收起：～單（結賬）"
擘,maak3,/,bo,bo,nkur,sjq,張開、張大：～大口（張開口）、～開手臂（張開手臂）
蜢,maang2,/,meng,meng,jblg,lindt,蝗虫：草～、瘦到隻～噉
咩,me1,孭,mie,mie,kudh,rtq,"【1】什麽，與「乜」同：～事（什麽事）【2】句末語氣助詞「嗎」：你重唔知道～？（你還不知道嗎？）、好叻～？（很了不起嗎？）"
孭,me1,咩,me,mie/me,bmy,ndbuc,背：～書包、～仔
屘,mei1,眯,man,man,ntfb,sund,最後，倒數：～二（倒數第二）、孻～（最後）
溦,mei1,屘,mei/wei,mei/wei,imgt,euuk/eunk,表示小：雨～（很細的雨）
眯,mei1,屘,mi,mi,hoy,bufd,眼睛微閉：～埋眼（合上眼）
搣,mit1,/,mie,mie,rdgt,qihf,用手指捏：～人～到好痛
嚤,mo1,摩,mo,mo,kysr,ridq,緩慢、拖拉：佢行得好～（他走得很慢）、動作好～（動作拖拉）
冇,mou5,武,mao,mao,dmb,kb,沒有：～事（沒事）、～錢、～得傾（沒得商量）
脢,mui4,梅,mei,mei,etxu,bowy,里脊肉：背脢
懵,mung2,/,meng,meng,nalh,ptwu,腦筋不清醒：～懂（糊塗）、～盛盛（糊糊塗塗的）
諗,nam2,/,shen,nie/shen,ywyn(ywyn),yroip/yronp,想：～計（想辦法）、～唔明（想不明白）
腍,nam4,/,dian,dian,ewyn,boip/bonp,"【1】柔軟：啲牛腩炆得好～（牛腩煮得很軟了）、笪地好～（这块地很松软）【2】脾氣很好：～善（脾氣溫和）"
淰,nam6,/,na,na/shen,iwyn,eoip/eonp,濕透：淋到成身濕到～（淋得渾身濕透）
撚(捻),nan2,/,nian,nian,rqdo(rwyn),qbkf,撚手（看家的）、撚手菜（最擅长做的菜）
嬲,nau1,/,niao,niao,llvl,wsvws,生气：發～、～爆爆（氣呼呼）
膩(腻),nau6,腬,ni,ni,eafm,bipc,"【1】膩、滞：食到～（吃膩了）、快手啲【2】動作慢：咪咁～（別磨蹭）注：亦可用「腬」字"
乸,naa2,/,na,na,bxgu,pdwyi,母的、雌性：老虎～、豬～
嗱,naa4,拿,na,na,kwgr,rorq,語氣詞，用於強調已出現的情況或語言：～，你講嘅。（這是你說的）、～係咪呢！（你看，這就見效了）
揇,naam3,/,nan,nan,rfmf,qjbj,長度單位，手掌張開，拇指跟食指盡量遠離，此時拇指尖到食指尖的距離為「揇」：個窗有一～咁長
腩,naam5,湳,nan,nan,efmf,bjbj,肚子上的肥肉：肚～、魚～（魚肚子上白色的肥肉）
赧,naan3,/,nan,nan,fobc,gcsle,紅腫塊，通常會痕癢：蚊～（被蚊蟲咬致的紅腫塊）、生～
匿,nei1,呢,ni,ni,aadk,stkr,躲、藏：～埋（藏起來）、伏～～（捉迷藏遊戲）
搦,nik1,匿,nuo,nuo,rxuu,qnmm,拿在手中，提：～住个袋（拿着袋）、～住本書
棯,nim1,拈,ren,ren,swyn,doip/donp,山～乾
撚,nin2,/,nian,nian,rqdo(rwyn),qbkf,用手指鉗緊：～住条頸（卡住咽喉）
挼,no4,挪,luo,luo,revg,qbv,揉搓：～乾淨件衫（把衣服搓乾淨）
燶,nung1,/,nong,nung,omae,ftwv,燶飯（焦飯）
翳,ngai3,縊,yi,yi,atdn,sesmm/sesyy,"【1】憂愁：閉～【2】悶、不舒服：～焗（悶熱）、心口～住～住"
揞,ngam2,黯,an,an,rujg,qyta,捂：～實個傷口（捂住傷口）
吟,ngam4,/,yin,yin,kwyn,roin,吟吟沉沉（不停地自言自語）
扲,ngam4,/,qian,qian,rwyn,qoin,掏、摸：～荷包（掏錢包）
韌(韧),ngan6,/,ren,ren,fnhy(hnky),dqshi,柔軟又結實，受外力作用時，雖然變形而不易折斷，與「脆」相對：～皮（頑皮）、煙～（形容兩戀人如漆似膠的甜蜜樣子）、牛肉煮老咗好～（牛肉煮過時間會很難咬開）
哽,ngang2,/,geng,geng,kgjq,rmlk,觸着硬的不平的東西，或被硬物頂着：石仔～腳、有嘢～住我背脊
罯,ngap1,噏,an,an,lujf,wlyta,長時間放在陰暗潮濕不通風處，使變質或發酵：～生草藥、～臭
悒,ngap1,噏,yi,yi,nkcn,prau,內心憂鬱，不舒暢：心～
噏,ngap1,悒,xi,xi,kwgn,rory/rorm,說，隨意地說，通常帶貶義：亂～(胡說)、～三～四（説三道四）
岌,ngap6,/,ji,ji,meyu,unhe,搖，一般指上下摇晃：～頭（點頭）、～～貢（搖搖晃晃）
扤,ngat1,/,wu,wu,rgqn,qmu,壓、塞：～實個樽蓋（塞緊瓶蓋）、將棉胎～實啲（把棉被壓緊點）
漚(沤),ngau3,慪,ou,ou,iaqy(iakk),esrr,"【1】將某物放置一段時間，使其發酵或變質：～爛【2】憋：～氣（憋氣）"
吽,ngau6,/,hong,hong,krhh,rhq,與「哣」連用：發～哣（發呆）
掗(挜),ngaa6,/,ya,ya,rgog(rghg),qmlm,佔（地方）：～拃（佔地方，引申為霸道）、～住各位（霸着那位置）
嗌,ngaai3,/,ai,ai,kuwl,rtct,"【1】大聲叫：～佢過嚟、～救命【2】吵架：嗌交、相～唔好口"
呃,ngaak1,厄,e,e,kdbn,rmsu,騙：佢成日～我、～飲～食（騙喝騙吃的）
鈪,ngaak3,軛,e,ngag,qdbn,cmsu,鐲子：金～、手～
啱,ngaam1,/,yan,ngam,kmdg,rumr,"【1】對：～晒（全對）【2】合適：唔～着（不合穿）【3】湊巧：咁～得咁蹺（那麼湊巧）、～～（剛剛）"
晏,ngaan3,鷃,yan,yan,jpvf,ajv,"【1】遲：咁～先起身。【2】中午或下午：食～（吃午饭）"
餲,ngaat3,壓,ai,ai,wyvn,oiapv,臭（通常指帶有尿味）：個廁所好～。
拗,ngaau2,/,ao,ao,rxln,qvis,折彎，折斷：～斷條樹枝、～柴（腳扭傷或斷了）
詏,ngaau3,坳,yao,yao,yxln,yrvis,爭執、爭辯：～撬、～頸（耍脾氣堅持自己的意見）
,ngok6,岳,/,yue4,rgmm,oumbc,抬頭：頭～～（頭沒目的地抬着）、～高頭
戇(戆),ngong6,/,gang/zhuang,gang/zhuang,ujtn(ujtn),ycp,愚鈍，笨呼呼的：～居（笨、不知變通）
壅,ngung1,/,yong,weng/yong,yxtf,yvgg,（以土或土狀物）埋、堆：～多啲泥（多培些泥）、啲沙～住我隻腳
蕹,ngung3,甕,weng,weng,ayxy,tyvg,蕹菜：（通心菜，粵語又叫「通菜」）
坺,paat6,/,ba,ba,fdcy,gikk/gike,堆、團，通常指糊狀物：一～牛屎（一堆牛糞），一～奶油
奅,paau3,炮,pao,pao,dqtb,khhl,車大～（說大話騙人）、大～佬（專說大話的人）
擗,pek6,/,pi,bo/pi,rnku,qsrj,扔：～咗啲爛嘢（把破爛東西扔掉）、～炮唔撈（扔下槍不幹，指警察辭職不干）
樖,po1,/,ke,ke,wgkk,omrr/ordmr,量詞，「株」、「棵」：一～樹（一棵樹），一～菜（一棵菜）
浮,pou4,蒲,fu,fu,iebg,ebnd,"【1】出現，露面：～頭（露面）【2】混，玩：今晚去邊～？（今晚去哪裡混？）、最近好少去～。（最近很少出去玩了）"
噬,sai6,誓,shi,shi,ktaw,rhmo,咬：一啖～过嚟
糝(糁),sam2,審,san/shen,san/shen,ocde(occe),fdiih,撒少量粉末狀東西於某物上：～啲鹽落去（撒點兒鹽下去）
擤,sang3,/,xing,xing,rthj,qhul,按住鼻孔出氣，借以排出鼻腔內的粘液：～鼻涕
嘥,saai1,/,sai,sai,kthh,rhoo,"【1】浪費：～錢、～電【2】挖苦，奚落：～人哋（挖苦別人）"
晒,saai3,曬,shai,shai,jsg,amcw,句未助詞，表示動作完成徹底或程度深：食～（吃光）、夠～（完全足够了）、唔該～（非常感謝）
閂(闩),saan1,山,shuan,shuan,ugd(ugd),anm,關：～門、～水喉
潺,saan4,孱,chan,chan,inbb,esnd,滑，且帶粘液狀：滑～～（滑溜溜）、～菜（一種蔬菜）
孱,saan4,潺,can/chan,can/chan,nbbb,sndd,軟弱體質差：～弱書生（弱不禁風的書生）、～仔（軟弱的傢伙）
潲,saau3,哨,shao,shao,itie,ehdb,一種豬飼料，用泔水、米糠、野菜、剩飯等煮成：豬～
睄,saau4,/,qiao,qiao,hieg,bufb,偷偷瞧：～佢幾眼（瞧他幾眼）
惜,sek3,錫,xi,xi,najg,pta,"【1】愛護，疼愛：好～你（很疼你）、愛～【2】親：～一啖（親一口）"
郇,seon2,筍,xun,xun,qjbh,panl,好東西：～嘢（好東西）、～盤（好樓盤）
恤,seot1,摔,xu,xu,ntlg,phbt,～衫（衬衣）
豉,si6,氏,chi,chi,gkuc,mtje,豆豉：～油（醬油）、～椒排骨（一道廣東菜）
蝕(蚀),sik6,舌,shi,shi,wyvj(qnjy),oilmi(nvlmi),虧、損：～本（虧本）、鞋底磨～晒（鞋底磨平了）
嗍,sok3,朔,suo,shuo/suo,kube,rtub,吸（液体或气体）：～一啖可乐（吸一口可乐）、～氣（喘氣）、～白粉
瀡,soe4,/,sui,sui,ibdp,enlb,滑：～滑梯
餸,sung3,送,song,song,wyvp,oiytk,"【1】下饭的菜：煮咗五味～（煮了五道菜）【2】伴着吃，使某樣食物更好入口：咸菜～粥（咸菜伴着粥吃）、糖果～葯"
處(处),syu3,恕,chu,chu,thi(hatm),yphen,地方、處所：邊～（哪裏）、嗰～（那裡，那兒）
損(损),syun2,選,sun,sun,rkmy(rkmy),qrbc,傷破，一般指輕傷：～手爛腳（手傷腳破）
,syut1,/,/,/,kfvg,rmbs,象聲詞，形容快：部車～一聲開過
睇,tai2,體,di,di,huxt,bucnh,看：～書（看書）、～水（把風）
氹(凼),tam3,/,dang,dang,ibk(nii),ne,哄：～細路、～女仔
氹(凼),tam5,/,dang,dang,ibk(nii),ne,坑：水～（水坑）、～仔（小坑）
褪,tan3,/,tui,tui,puvp,lyav,移、挪：～過啲（挪過一點）、～後（往後移）
唞,tau2,/,dou,teo,kruf,rqyj,"【1】休息：早～（晚安）、～涼（乘涼）【2】呼吸：～氣（喘氣、呼吸）"
呔,taai1,/,dai,dai,kdyy,rki,tyre的音譯，車胎：車～、爆～
軚,taai5,/,dai,dai,ldyy,jjki,汽車的方向盤：～盤（方向盤）、打～（打方向盤）
燂,taam4,談,qian,qian,osjh,fmwj,用火在表面輕微地燒：～下啲豬腳毛（燒一下豬蹄的表面已達到去毛的目的）
靸,taat1,/,sa,sa,afey,tjnhe,指穿鞋时将后跟压下拖着走，很隨便的樣子：～住對拖鞋。
撻(挞),taat1,/,ta,ta,rdpy(rfup),qygq,蛋～：蛋塔
撻(挞),taat3,/,ta,ta,rdpy(rfup),qygq,～大隻腳周圍行（光着腳到處逛）
遢,taat3,撻,ta,ta,jnpd,yasm/yasy,邋～（骯髒，不乾淨）
聽(听),ting1,汀,ting,ting,bgfn(krh),sgjwp,明（天）：～日、～晚
佗,to4,駝,tuo,tuo,wpxn,ojp,背，一般指弓着腰地背：～住細路（背着孩子）
劏,tong1,湯,tang,tang,ipkj,fwln,宰殺：～豬（殺豬）、～鷄還神（粵語常用語：殺鷄謝神）
搵(揾),wan2,穩,wen,wen,rjlg(rlwl),qwot,找：～人（找人）、～嘢（找東西）、～工（找工作）
韞,wan3,醞,wen/yun,wen/yun,fnhl(hnkl),dqwot/dqabt,關押，扣押：拘留所～住啲小偷（小偷被關在拘留所）、用個籠～住隻雀（用籠把小鳥關起來）
搲,waa2,畫,wa,wa,rpwy,qjco,用手指抓：隻貓～損咗我（貓把我抓傷了）、～開件衫（扒開衣服）
搲,we2,/,wa,wa,rpwy,qjco,用手指抓（搲口語讀we2）：隻貓～損咗我（貓把我抓傷了）、～開件衫（扒開衣服）、～銀（賺錢）
滒,wo1,窩,ge,ge,iskk,emrr,多汁，柔滑，粘稠：～蛋奶（生鷄蛋打入滾熱的牛奶中形成的滑膩的甜品）、～蛋牛肉飯
喎(),wo3,/,wai,wai,kkmw(kmkg),rbbr,"句末語氣詞【1】表示一種置身其外的語氣：我一啲都唔知～（我一點都不知道）【2】表示輕微的讚嘆：好靚～（挺漂亮的）"
喎(),wo5,/,wai,wai,kkmw(kmkg),rbbr,"句末語氣詞【1】表示陳述別人觀點的語氣：佢話唔得～（他說不行的）、佢叫你過去～（他叫你過去）【2】帶有諷刺意味：係咯～（才不是呢！）"
鑊(镬),wok6,獲,huo,huo,qawc(qawc),ctoe,用來炒菜的鍋：～鏟（锅铲）、大～（引申義為「糟糕」）
煨,wui1,偎,wei,wei,olge,fwmv,放在火堆的炭灰裡燒熟：～番薯
仔,zai2,/,zai/zi,zai/zi,wbg,ond,"【1】用法相當於「子」，意為小東西：細路～（小孩子）、雀～（小鳥）、杯～（小杯子）【2】兒子：～女（兒女）"
掣,zai3,制,che,che,rmhr,hnq,開關、按鈕：電～（電開關）、手～（遊戲機的搖杆）
騭(骘),zat1,質,zhi,zhi,bhic(bhic),nhsqf,陰～：形容做傷天害理的事。
窒,zat6,侄,zhi,die/zhi,pwgf,jcmig,"本義為「堵」、「塞」，不及物動詞：口～～（結結巴巴）、突然～住（突然停住）；
可引申為及物動詞，意為「使別人沒話説」：～到佢冇聲出（用言語堵得他沒話說。）"
揸,zaa1,渣,zha,zha,rsjg,qdbm/qdam,用手指抓東西：～住把刀（手拿着到）、～車（開車）、揸篼乞食（拿飯碗乞討）
咋,zaa3,榨,za,za,kthf,rhs/ros,句末語氣詞，相當於「才」、「罷了」、「而已」：我去過一次～（我才去過一次）、我得10文～（我祇有10塊錢）
拃,zaa6,/,zha,zha,rthf,qos,"【1】用手抓的一把，或形容一堆數量繁多的東西：一～芝麻（一把芝麻）、一～螞蟻（一群螞蟻）【2】堵住、塞住：～住巷口（堵住胡同口）"
磧(碛),zaak3,責,qi,qi,dgmy(dgmy),mrqmc,重物壓於上：嚿石～住隻腳、大石～死蟹
笮,zaak3,責,qi,qi,dgmy(dgmy),hos,大石笮死蟹
㜺,zaan2,盞,/,/,vtfm,vhuc,美妙、有趣：呢隻古仔好～鬼（這個故事眞妙）
趲,zaan2,盞,zan,zan,fhtm,gohuc,走～（鬆動）
踭,zaang1,爭,zheng,zheng,khqh,rmnsd,"【1】肘：手～【2】腳跟：腳～、高～鞋（高跟鞋）"
鬇,zaang1,踭,zheng,zheng,deqh,shbsd/shnsd,頭髮蓬鬆而淩亂：頭髮起晒～（頭髮蓬鬆）
鈒,zaap6,閘,sa,sa,qeyy(qeyy),cnhe,～骨（衣服等鎖邊）
甴,zaat2,/,you,you,jhk,lwlm,曱甴（蟑螂）
棹,zaau6,驟,zhao,zhao,shjh,dyaj,～艇（划艇）
啫,ze1,遮,ze,ze,kftj,rjka,句末語氣詞：關你咩事～？（不滿語氣：關你什麼事呀？）、好唔好～？（追問：好不好啊？）
樽,zeon1,津,zun,zun,susf,dtwi,瓶：玻璃～、膠～
捽,zeot1,卒,cu,cu,rywf,qyoj,搓、擦：～老泥（搓污垢）
黢,zeot1,卒,qu,qu,lfot,wfice,烏黑的，通常曡用：黑～～、烏～～
螆,zi1,之,ci,ci,juxx,litvi,蚊子、蠓蟲等小飛蟲的總稱：蚊～
癪,zik1,積,ji,ji,utgm,khdc,疳積病：生～（疳積病）
摺,zip3,接,zhe,zhe,rnrg,qsma/qsya,折、疊：～紙、～被
瀄,zit1,擳,zhi,zhi,itvb,ehal,液体溅出或喷出：畀啲水～到週身濕晒（被水濺到滿身濕透）、佢用水槍～我（他用水槍射我）
擳,zit1,瀄,jie,jie/zhi,rtvb,qhal,通過擠壓以把内部東西逼出：～牙膏、～暗瘡
照,ziu3,/,zhao,zhao,jvko,arf,照顧，關照：放心啦，入面有熟人～住（放心吧，裏面有熟人關照）、我～你（我關照着你）
噍,ziu6,趙,jiao,jiao,kwyo,rogf,嚼、咀嚼：～香口膠、～完鬆（比喻佔了便宜就跑）
摷,ziu6,趙,jiao,jiao,diit,qvvd,打：～佢一鑊（打他一頓）
咗,zo2,阻,zuo,zo,kdag,rkm,表示動作完成，相當於「了」：完成～任務（完成了任務）、走～（走了）
盅,zung1,忠,zhong,chong/zhong,khlf,lbt,一種體積較少的器皿：煙灰～、口～、茶～
重,zung6,仲,zhong,zhong,tgjf,hjwg,還，再，更：～有（還有）、～係（還是）、～好（更好）
啜,zyut3,/,chuai/chuo,chuai/chuo,kccc,reee,用嘴吮吸，吻：～田螺、～一啖（吻一下）
