粵拼,意思及例子,粵研社（粵語協會）,侯興泉
aa1,句末語氣助詞，可表示輕微的讓步，或與「嘛」連用：係～，你講得冇錯。唔係咁黑～嘛！（不是這麽倒霉吧！）,吖,啊
aai3,【1】大聲叫：～佢過嚟、～救命 【2】吵架：～交、相～唔好口,嗌,-
aak1,騙：佢成日～我、～飲～食（騙喝騙吃的）,呃,呃
aak3,鐲子：金～、手～,鈪,-
aam1,【1】對：～晒（全對）【2】合適：唔～着（不合穿）【3】湊巧：咁～得咁蹺（那麼湊巧）、～～（剛剛）,啱,-
aan3,【1】遲：咁～先起身。【2】中午或下午：食～（吃午飯）、～晝（下午）,晏,
aap3,穿（尿布）：～尿片,鴨,-
aat3,臭（通常指帶有尿味）：個廁所好～。,餲,-
aau1,搔癢：～痕,摳,𢯎
aau2,折彎，折斷：～斷條樹枝、～柴（腳扭傷或斷了）,拗,-
aau3,爭執、爭辯：～撬、～頸（耍脾氣堅持自己的意見）,詏,詏
ai1,哀求：～～篩篩,𠼮/囈,𠱓
ai3,【1】憂愁：閉～【2】悶、不舒服：～焗（悶熱）、心口～住～住,翳,翳
am2,捂：～實個傷口（捂住傷口）,揞,-
an1,瘦弱、瘦小：～瘦、～挑鬼命（瘦小得可憐）,奀,-
an3 ,搖、振：～～腳（悠閒狀）,䟴,䟴
ang2,觸着硬的不平的東西，或被硬物頂着：石仔～腳、有嘢～住我背脊,哽,梗
ap1,內心憂鬱，不舒暢：心～,悒,-
ap1,說，隨意地說，通常帶貶義：亂～（胡說）、～三～四（説三道四）,噏,噏
ap1,長時間放在陰暗潮濕不通風處，使變質或發酵：～生草藥、～臭,罯,罨
ap2,点头,-,砐
at1,壓、塞：～實個樽蓋（塞緊瓶蓋）、將棉胎～實啲（把棉被壓緊點）,扤,-
at1,硬打東西送給或賣給別人：～錢畀我,掗,-
au3,【1】將某物放置一段時間，使其發酵或變質：～爛【2】憋：～氣（憋氣）,漚,-
baa1,摑：㨮～膺（俗字：兜～星）,巴,-
baan2,样品，货样,-,版
baan6,爛泥：泥～,湴,-
baang6,冚～唥（全部，合併或咸不論之音變）,𠾴,-
baau6,突出牙齒：～牙,爆,-
baau6,拱（指猪用嘴巴拱物）；以身体 挤压、撞击,-,龅
bai3,了不起：巴～（把柄，亦可用於反嘲）,閉,-
bai6,糟糕，不好的，堕落的,-,弊
ban3,编（辫子）,-,捹
bang1,極臭：臭～～，蔫～爛臭,崩,-
bang6,倚、靠：挨挨～～（兩人挨挨靠靠的）,凭,-
bat1,用勺子將東西從一個地方裝到另一個地方：～飯（裝飯）,𢳂/𢴩,-
be1,用眼睛長時間盯着：眼～～（眼瞪瞪釘着）、～咩～！（看什麽看！）,睥,-
bei2,即大腿：雞～,肶,髀
bei2,【1】被，容許：～人鬧（被人罵）【2】讓：唔～入（不讓進去）,俾,畀
bei2,給：～錢,畀/俾,畀
bei3,格、過濾：～咗啲菜汁,潷,潷
bei3,麻痹。中医指因风、寒、湿侵入 肌体引起的肢体疼痛或麻木病,-,痹
beng3,躲藏，走開：～埋,柄,窉
bet6,軟，成糊狀：腍～～,癟,-
bik1,压迫，逼迫；拥挤；强行挤人； 箍紧，夹紧；紧迫，逼近,-,逼
bin1,闊口食盤，煮食器皿：打～爐（吃火鍋）,邊,-
bin1,哪：～個，～道（哪裡）,邊,-
bit1,液體從小孔噴出：水管壞咗，～水出嚟（水管壞了，噴水出來）,咇,㓖
biu1,形容快速，像風一樣：佢～得好快（他跑得很快）,飆/飇,猋
biu1,"液體噴射：～尿""",飆/飇,滮
biu1,【1】長高：～高 【2】出類拔萃：～青,標,䅺
bo1,膝蓋骨：～櫨（蘿）蓋,菠,-
bo1,金～羅，古代酒器，喻指珍貴之物,菠,-
bo3,句末語氣詞，表示叮囑或肯定：你好叻～。（你挺能幹的）你記住準時到～。（你記緊要準時到）,噃,噃
bok1,用棍或棍狀物打：～穿個頭（打穿頭）,㩧,㩧
bok1,土气的。如~嘢，〜佬,-,嚗
bou1,【1】名詞，壁較陡直的鍋：飯～、藥～【2】動詞，煮：～湯,煲,煲
bou2,陌生：生～,簿,-
bou6,【1】孵：～雞仔（孵小雞）【2】使暖和：～暖個被兜（將被窩弄暖）,菢,菢
bou6,码头。本字为应为“埠”,-,埗
buk6,趴，俯伏：～低（趴下）、～伊人（捉伊人？）、～匿匿（捉迷藏）,伏,伏
bung6,量詞「陣」、「股」：一～臭味（一股臭味）,𩗴,䭰
bung6,量词。用于墙，相当于“堵”,-,埲
caa1,(不小心）踩；踏,-,䟕
caa4,塗：～葯（敷藥）、～脂蕩粉（涂脂抹粉）,搽,-
caa5,塗改：～咗個錯字,扠,扠
caai1,揉：～麵粉,搓,搓
caak3,冬天皮膚裂開：爆～膏,拆,㿭
caam2,簸箕：垃圾～,篸,-
caam4,嶙峋突兀：岩～（表面突兀不平，指難看）,巉,-
caam5,刺：隻手～到刺（被刺刺到手了）,㔆,㔆
caan2,磨刀：～刀,鏟/剷,-
caang1,平底鍋：砂煲甖～（瓦鍋瓶罐）,罉,罉
caang4,鄙陋，粗俗,伧,-
caang4,刺眼：～眼,掁,-
caat3,囂張，自負：牙～～,擦,-
caau1,用角撞或挑,-,𤙴
caau3,一般指給牛挑了起來：畀隻牛～起,觘,-
caau3,翻箱倒櫃或費很大勁地找：從工具箱～粒螺絲出嚟、～勻全世界都要～到佢,耖/摷,摷
caau4,皺：～皮,巢,巢
cai3,打：～人,砌,摕
cam1,使進入、參加：～埋我玩啦（讓我參加一塊兒玩吧）、～啲水入去（加點水進去）,侵,-
cam3,長氣、囉嗦：你好～呀！（你眞囉嗦！）,譖,諃
cam4,昨（日）：～日，～晚,尋,-
can1,助词。用在动词后面，表示受动 或感受；表示动作或状态有规律 地、有条件性地重复出现,-,親
can3,光顧：幫～,襯,-
cap1,整齊：齊～～,葺,-
cat6,男性生殖器，土氣，丟臉，粗俗語氣助詞：托～，好～，～頭,柒/𨳍,𨳍
cau1,【1】有挽手的袋子：手～【2】量詞「串」：一～鎖匙,抽,抽
ce1,胡扯：亂咁～，～大炮（撒謊）,車,-
ce1,句頭語氣詞，表示不屑（官話常借作「切」）：～，你估我唔知咩！（切，你以為我不知道？）,唓,-
ce2,走，離開：我～,扯,跙
cek3,頭痛：頭～,赤,赤
ceoi2,敲击东西用的器具；用锤子击打,-,錘
ceoi4,气味,-,𡃴
ceon1,【1】卵：雞～【2】睾丸：～袋,春,春
ci1,黏：黐線/黐孖筋（神經病），不要寫為「癡線」,黐,黐
ci1,噴氣：打乞～（打噴嚏）,嗤,-
ci2,用嘴或手把东西撕开或扯开,-,欼
ci4,糯米糰子，有餡：糯米～,糍,-
cik1,拉起，提起,-,摵
cim4,抽：～烏龜（一種撲克遊戲）,撍,-
cing3,提：～起個袋（把袋子提起來）、抽～（挑剔）,掅,掅
cing4,一種缸狀容器，通常用於盛酒：酒～,埕,埕
cing4,剪刀石頭布：猜～鋹（尋）,情,情
cit1,薄：薄～～,切,-
ciu1,看，偏心：四圍～，大細～（由看重看輕引伸為偏心）,超,-
coek3,～頭（吸引人的東西、新意思）,噱,-
coek3,把食物放在滾水裏略微一煮就拿出來：～生菜,灼,灼
coeng3,找續零錢：～散紙（把大張的錢找開）,唱/暢,-
coi1,語氣詞，在某人說了不吉利東西後用該字，以表示不吉利的東西不會靈驗：～！咪講唔吉利嘅嘢（呸，別說些不吉利的話）,啋,-
cok3,用力拉扯；用胁逼、质问等方式 让对方说出真相,-,戳
cok3,耍帥，裝酷：～樣,擢/戳/chok,-
cou3,节约，节省；存钱，攒钱,-,儲
cyun3,囂張，挑釁：好～，～人，～嘴（說話不饒人）,寸/串,-
daai6,搬出某些優勢使別人處於下風：你唔好～我（你不用在我面前虛張聲勢）,大,
daam1,擡頭：～高個頭,擔,
daam1,仰望（天空）：～天望地,覘,
daam6,量詞「口」：食～飯啦（吃口飯吧），得返一～氣（祇剩一口氣）,啖,
daap1,含着口中慢慢嚐味：慢慢～先好味（慢慢嚐才好味）、～糖（咂糖果，引申為對某人產生愛慕）,嗒,
daap6,【1】量詞「疊」，通常指比較厚的一「疊」：一大～（一大疊）、～水（有錢）【2】動詞「疊」～正八點（剛好八點）,沓,
daap8,鎖，逮捕：～住度門，～起佢,鎝,
daat3,絆倒，摔倒：～低,躂,
daat3,【1】用力向下撞擊桌面或地面上以致發出悶響：～生魚、～落地。【2】由【1】引申而來，表示出示，拿出來，擺出來：～個朵出嚟（把大名說出來）、～個工作證出嚟，佢即時畀面（把工作證拿出來）,撻,
daat3,量詞「片」、「塊」：呢～地方（這片地方）、大～地（地攤市場，通常是露天的）,笪,
dai2,【1】值得：件衫好～買（這衣服很實惠）【2】該，活該（由【1】的意義引申而得）：～死（該死）、你咁醒，～你發達（你這麽能幹，發財是無可非議的）,抵,
dai6,翌，「第二」合音：～日，～時,第,
dam2,用拳頭打：～心口（捶胸口）、～你一捶（打你一拳）,揼,
dam2,水聲：～一聲跳落水,沊,
dam2,扔：～石仔（扔小石子）、～咗佢（扔了它）,抌,
dam3,垂下：頭髮長到～落膊頭,髧,
dam3,拖延：～時間，～波鐘（拖時間）,揼,
dan2,【1】基部、基本支持物：橋～（橋墩）、擁躉（支持者）【2】放：～低行李（放下行李）、～喺呢度（放在這裡）,躉,
dan2,胖而矮：肥～～,墩,
dan3,震動、顛簸：路唔平，開車好～（路不平，開車很顛簸）,扽,
dan3,重重地往下放：～爛個花樽,撴,
dang1,把薄質物體綳直：～直張紙,撜,
dang6,伴郎：～豬（穿）石,戥,
dang6,替：～你唔抵（替你可惜）、～秤（充秤）,戥,
dap1,垂下：頭～～（垂頭喪氣的樣子）,耷,
dap6,淋：～雨,溚,
dap6,打，按摩：～佢，～骨,揼,
dat1,頂撞：～人,咄,
dat1,形容肥、矮：肥～～、矮～～,腯,
dau1,摑：～𢃳膺（俗字：～巴星）,兜,
dau1,當面：～口～面,兜,
dau1,如缽之食器，傳統上瓦製：乞兒～，揸～（喻行乞）,兜,
dau3,窩、巢：狗～（狗窩）、雀～（鳥巢）,竇,
dau3,做木工：～木,鬥,
dau6,與「吽」連用：發吽～（發呆）,哣,
dau6,父親：老～（爸爸）,竇,
de2,撒嬌：～聲～氣、～佢男朋友。（向她男朋友撒嬌）,嗲,
de4,像聲詞：水流到～～聲（水流得咚咚聲）、口水～～渧（口水不住地流出來）,嗲,
dei2,副詞，表示有一點兒：傻傻～（有點兒傻）、酸酸～（有點兒酸）,地,
dei6,指複數，相當於「們」：佢～（他們）,哋,
dek3,【1】跑：東～西～（東奔西跑）、未放工，啲人就～晒（未下班，人都走光了）【2】趕走：～人走、～出校,趯,
dek3,搬食糧：～米,糴,
deng3,擲、扔：～石仔（擲小石塊）,掟,
deng6,地方：冇～企（沒地方站）,埞,
deoi1,油炸賀年食品：煎～,堆,
deoi2,捅、伸：～支棍入去（把棍子伸進去）、～冧（殺死）,隊,
deoi3,浮腫：眼～,對,
di1,些：有～人（有些人）,啲,
dik1,突出物，小巧：粒～，～式,的,
dik1,提拿：～起佢（提起他）,扚,
dim2,怎、怎樣、怎麽：～樣、～解（為甚麽）,點,
dim3,接觸、摸：～吓都唔得（摸一下都不行）,掂,
dim6,【1】可以，没問題：搞～（辦妥）、～晒（全部搞好）【2】直：橫～（横直、反正）,𠶧/掂,
din2,輾轉反側，在牀上翻滾：～牀～席,䠄,
ding3,節：喉嚨～（喉核）,椗,
ding6,連詞「還是」，一般用於選擇疑問句，與「定係」相同：你想食蛋糕～麵包？前面轉左～係轉右？,定,
diu2,男子性交動作,屌,
diu3,偏僻：～腳,吊,
doek8,將肉或食物斬碎：～豬肉,剁,
doeng1,啄食、啄咬：雞～唔斷（咬著不放）,啄,
duk1,尾：沿住條路行到～,篤,
duk1,刺、捅：～穿個窿（捅個窿）、～背脊（打小報告）,厾,
duk1,一泡：一～尿，一～口水,篤,
dung6,竪：一橫一～（一橫一竪）、～喺度（竪放在那裏）,戙,
dyut1,形容肥：肥～～,嘟,
dyut1,擬聲詞，電子收費儀器之反應聲響。,嘟,
faak3,旋轉或旋轉攪拌：～蛋,𢪎,
faan1,回，上：～屋企（回家），～學（上學）,番,
fan3,睡覺：～覺、～唔着（睡不着）,瞓,
fat1,屁股：屎～（由洞窟類比為肛門，再借代為臀部）,忽,
fik1,源自英文fake，轉用作動詞，欺騙：～人,忽/fake,
fing6,懸吊時搖擺的狀態，吊兒郎當：～蒞～去，吊吊～,揈/𢫕,
fit1,英文fit的音譯字：健美：好～，～馬,弗,
fit1,用藤條或其它棒條抽打：～一下,拂,
fu3,戽水（往外潑水）、～被（睡覺踢被子）、～棋（下棋時快要輸的時候推翻棋盤不認賬）,戽,
gaa1,現在：而～，～下,家,
gaa2,句末語氣詞：你要話我知先得～（你要告訴我才行啊）,㗎/咖,
gaa3,句末語氣詞，表示陳述：佢好叻～（他很棒的）,㗎/咖,
gaa4,句末語氣詞，表示疑問：你識得佢～？（你認識他的？）,㗎/咖,
gaai3,沿物體表面劃：～玻璃、～紙刀、～親手（割傷手）,鎅/𠝹,
gaan2,肥皂：番～,梘,
gaat6,與「甴」連用：～甴（蟑螂）,曱,
gaau3,通常指兩部分的絞合處：～剪（剪刀）、門～（固定門的折疊處）、甩～（兩骨跟之間的軟骨移位了）,鉸,
gai1,燒香之骨柄：香～。香～腳，喻指又長又細的腳。,雞,
gai1,圓形繭（厚皮）：～眼,雞,
gai2,心聲、談話的内容：傾～（聊天），非寫為「傾計」,偈,
gai3,盤在頭頂或腦後的發結：丫角～,髻,
gam2,【1】代詞「這樣」：苦瓜～面（像苦瓜似的臉）、～都得？（這樣都可以？）【2】助詞「地」：好嬲～走咗（生氣地走了）,噉,
gam3,副詞「這麽」：天氣～熱（天氣這麽熱）、～犀利（這麽厲害）,咁,
gam4,形容黃黃的，通常有少少貶義：黃～～,黚,
gam6,按：～釘（圖釘）、～電掣（按電鈴）,撳,
gan2,表示進行中：你做～乜啊？（你正在幹什麽？）、睇～電視。（正在看電視）,緊,
gang2,必定：～係，贏～,梗,
gang2,觸着硬的不平的東西，或被硬物頂着：石仔～腳、有嘢～住我背脊。,哽,
gap3,合：～份（合份）、～埋（合起來）,佮,
gap3,用於動物名：～乸（青蛙）；花～（花甲）；～蚧；雪～,蛤,
gap3,目不轉睛地看，偷看：～住晒，～女,𥄫,
gat1,～咗一下（刺了一下）,㓤,
gat6,口~~、講嘢~下~下,,
gat6,踮起腳，或一上一下的樣子：～跛跛（單腳跳）、躝屍趷路（滾蛋）、～高（踮高腳）,趷,
gau1,【1】勃起之陰莖，未細分時也可指未勃起之陰莖。【2】疑問代詞，具侮辱性質的粗口：關你～事（關你屁事），你噏乜～？（你說什麼？）【3】表示“無物”：又話有飯食，食碌～咩！,𨳊/鳩,
gau6,塊：一～石頭、一～麵包,嚿,
ge3,【1】助詞「的」：我～書（我的書）,嘅,
geng6,小心：～住～住噉入去（小心翼翼地進去）、～惜吓啲嘢啦（愛護一下東西吧）,擏,
gip1,裝衣服的箱子，一般指出差旅行用的那種：皮～,喼,
gip1,喼汁：調味醬汁，是英語catsup的音譯詞,喼,
giu2,擦：～眼淚,撟,
go1,膝蓋：膝頭～,哥,
go2,那：～個人、嗰日（那天）,嗰,
goe4,服氣、呼氣：唔～（不服氣）,𢤹,
gong1,擡、擧：～住隻碗,掆,
gong6,動物身前的鉗子：蟹～（蟹螯）,弶,
gu2,【1】動詞，使人迷惑：～惑【2】形容詞，精乖、古靈精怪、鬼鬼祟祟的：呢個人～～惑惑（這人鬼鬼祟祟的）,蠱,
gui6,累：返工好～（上班很累），～賴賴,攰,
guk6,在一個封閉的環境加熱：～飯（燜飯）、翳～（悶熱，不通風）,焗,
gung1,刺鼻：～鼻,攻,
gwaa1,腿、臂的肌肉：腳～、手～,膼,
gwaa3,語氣助詞，類似疑問語氣的「吧」：你會應承～？（你會答應吧？）,啩,
gwaak3,打（耳光）：～幾巴（打幾個耳光）,摑,
gwaan3,摔、絆：～低（摔倒）,躀,
gwaat3,找人：～佢出嚟（找他出來）,刮,
gwai2,奸邪，內奸：奸～、內～、走～,鬼,
gwai2,古代盛食物的器具：九大～（形容菜肴非常豐盛），非寫為「九大鬼」,簋,
gwai3,食用魚：～花魚,桂,
gwak6,硬梆梆：硬～～,𥕏,
gwan2,液體溫度達到沸點而翻騰，溫度高：～水（開水）、水～（水開了）、火～（生氣）,滾,
gwat6,短尾：～尾狗；鈍：把刀好～；死胡同：～頭路,掘,
gyun1,鑽入，穿入，進入：～入去（爬進去）、～褲襠（從胯下爬過）,捐,
gyut6,一段，一截，一部分：一～～,闕,
haa1,欺負：～人,蝦,
haa1,嬰兒：臊（蘇）～,蝦,
haa2,疑問語氣詞，表示驚訝，或聼不清楚：～？唔係呀？（哎呀！不是吧？）、～？你講咩啊？,吓,
haa5,結構助詞，表示短暫的動作：嚇～你（嚇你一下）、睇～先（先看一下）,吓,
haai1,觸碰、沾、染：～油（佔小便宜）、～邊（觸到邊上）,揩,
haai4,澀，粗糙：粗～、條脷好～（舌頭很澀）、塊面好～（面很粗糙）,嚡,
haam3,【1】哭，注意廣州話不是指大聲叫：～得好淒涼、～苦～忽【2】大聲驚叫：喊驚。,喊,
haan1,【1】節省：～錢、～電。【2】缺：緣慳一面（陰錯陽差沒遇上）。,慳,
haap3,雙唇合起地嘗、吃：～醋（吃醋）,呷,
haau4,風騷、淫蕩：～婆（蕩婦）、發～（發情）,姣,
hai1,女性外生殖器；粗口：屌你老母～（草泥馬戈壁）,閪,
hai2,在：～屋企（在家裡）、～度（在這裏）,喺,
hai6,是：我～廣東人、～唔～,係,
ham2,（一般指頭）撞：～頭埋牆（把頭往牆上撞）,扻,
ham6,全，全部：～家（全家），～巴冷（合併）,冚,
han6,渴望得到：～咗好耐（想要了很久）、好～食（很想吃）,恨,
hang1,敲打：～佢個頭,亨,
hang1,臭：臭～～,鏗,
hang4,盡、極：風車轉到拫（風車轉得飛快）、油門踩到～（踩盡油門）,拫,
hap1,小睡、打瞌睡：～一陣（小睡一會）、～眼瞓,瞌,
hap1,欺負：～人,恰,
hat1,討人厭：～人憎,乞,
hau1,【1】盯、密切監視：睺實佢（盯住他）【2】趁：～佢唔注意（趁他不注意）,睺/吼,
hau1,珠江西岸（澳門、珠海、中山等）表示動作完成體，通「咗」，變～，做～,齁,
he3,頹廢，漫不經心：好～，去～,迆/迤/hea,
hei3,飼養，餵：跪地～豬乸（睇錢份上）,餼,
heoi1,市集：趁～（趕集）、一個～咁嘈（像市集那麽吵鬧）,墟,
hin3,獻醜於世：～世,獻,
hin3,烹調時用淀粉（豆粉）加水調成的濃汁：打～,芡,
hing3,【1】未觸碰熱物感到熱氣：啲水好～（水很熱）【2】激動、生氣：佢對我爆粗，我而家好～（他剛才對我說粗話，我現在很生氣）,㷫,
hip1,閉（眼）：～埋眼,䁋,
hit1,薄：薄～～,怯,
ho4,呼氣：～氣,呵,
hoeng2,在：～屋企（在家裡）、～度（在這裏）,響,
hong3,烤、烘：炕麵包（烤麵包）,烘,
hong4,（刀）等架在脖子上：個賊用把刀～住我條頸,降,
jaa1,表示驚異或感嘆：哎～！打得少啊你？,吔,
jaa6,二十：今年～嵗、～一世紀,廿,
jaai2,踩：～死蟻（踩死螞蟻）、～單車（踩/騎自行車）,踹,
jaap3,打的要～吓手（打的要招手）,擪,
jaau1,利手、慣用手：左～（左撇子）、右～（右撇子）,-,-
jai5,淘氣：唔好咁～（別淘氣）,曳,
jau1,整理褲頭：～褲,休,
jau3,細：～幼，～麵，～滑,幼,
je5,東西：搵～（找東西）、乜～（什麽）,嘢,
jeon2,肝臟：鷄～（鷄肝）、豬～（豬肝）,膶,
jik1,食物（特別是油膩食物）因放置時間長而變質所產生的一種味道：呢啲臘腸好～、一陣油～味（一股變質的油味）,膉,
jim1,挑剔：～憸（尖）,奄/閹,
jim2,肋下兩側：小～；蟹腹下表性別之殼：蟹～,掩,
jin1,黏稠，纏綿：～韌（𪏴）,烟,
jin2,炫耀自我：～嘢,衒,
jin2,挺：～胸凸肚,躽,
jip3,用鹽漬製：～鹹魚，～製,醃,
jip3,～高褲腳（把褲腿卷起來）,掖,
jiu2,紙～（風箏）,鷂,
juk1,動：～手（動手）、咪～（不要動）,郁/喐,
jung4,切成小粒的薑、蒜或如豆沙般的餡：薑～，蒜～，蓮～,蓉,
jyu2,【1】丟臉，沒臉：好～呀！（好丟臉呀！）【2】凝滯：隻手～咗（手青了一塊）,瘀,
jyun1,極臭：蔫崩爛臭,冤,
kaa1,偏僻：山～旯（拉）,卡,
kak1,高低不平或結巴，犖～,𠸉,
kam1,對妻子的姊妹之夫的稱呼：老～、～兄,襟,
kam1,耐：唔～用(不耐用)，～着(耐穿)，～睇(耐看),襟,
kam2,打（耳光）：～佢一巴,扻,
kam2,覆蓋、蓋：～被（蓋被子）,冚,
kam5,舅母：～母,妗,
kang2,噎住、卡住：食慢啲，咪～親。（慢點吃，不要噎住。）、～親魚骨（卡着魚骨了）,骾,
kap1,（從上往下）蓋：～印（蓋章）,扱,
kau1,混合：～埋，水～油（水火不容）,溝,
kau1,追求，把，泡：～女，～仔,媾,
ke4,奇怪、離奇，本字奇離,騎,
kei2,家：屋～,企,
kei5,站：～起身（站起來）,企,
keoi5,他，她，它，牠，祂：～哋（他們）,佢,
kin2,揭開，翻開：～起個蓋（揭開蓋）、～咗幾頁（翻了幾頁）,㨴,
king4,受驚或受挫而目瞪口呆：眼～～,擎,
king4,凝固成固體或弄干水分：豬油～咗、～干水（把水分去掉）,瓊,
kiu2,繞口：～口,翹,
kiu2,【1】巧合：有咁啱得咁～（說多巧有多巧）【2】秘訣：～妙,巧,
kiu5,纏繞：啲綫～住咗（綫相互纏住了）,繑,
koeng5,粗根：有根有～,蔃,
kok1,【1】敲：～頭殼（敲腦袋）【2】象聲詞：～～聲,搉,
kwaai4,壞，不良：～仔（不良少年）,壞,
kwan1,欺騙：俾人～（被騙）,昆,
kwan2,圍繞：手指～晒黑邊（手指甲很髒）,緄,
kwang3,絆、碰：唔小心～到個花樽,纊,
laa3,隙：鑽窿鑽～（到處鑽）,罅,
laa3,助詞，相當於「了」：我識做～（我懂得怎樣做了）,喇,
laa5,（手段）骯髒：好～䕢（渣），～䕢手段,哪/揦,
laai1,最後的一個：～仔（最小的兒子）、～屘（倒數第一）,孻,
laai2,舔：～一下，～嘢（中招）,瀨,
laai4,累：攰～～,賴,
laai6,圓條狀粗米粉：～粉,瀨,
laai6,不能控制地大小便：～尿,瀨,
laai6,漏了：～低條鎖匙（漏了帶鑰匙）,攋,
laak,能言善辯，流利：～～聲,勒,
laak3,助詞，相當於「了」，一般表示肯定或有把握：我識做～（我懂得怎樣做了）,嘞,
laam2,擁抱：～身～勢,攬,
laam3,跨過：大步～過,檻,
laan1,爬：啲蟲躝嚟躝去、～出去！（滾出去！）,躝,
laang1,象聲詞：～～聲、～鐘（鬧鐘）,唥,
laap3,短時間地看一下，驟看上去：～吓眼、～到佢喺附近（瞥見他在附近）,䁽,
laap3,順手地抓、拿：～～埋埋一大堆（收刮了不少東西）、～住佢隻手（順手捉住他的手）,擸,
laat6,行：一～樹,迾,
laat6,骯髒：～遢,邋,
laau2,麻煩，凌亂：～攪（lau2）,撈,
lai2,歪曲、冤枉：～橫折曲（顛倒是非黑白）、冤～（冤枉），狼～，睏～頸,𡅏,
lai2,轉：～手掟咗佢（轉過手就扔掉它）,捩,
lai4,來：過～、行～行去（走來走去）,嚟,
lai6,怒目而視：眼～～,厲,
lak1,高低不平或結巴，～确,甩,
lak6,刺：玫瑰花好多～,簕,
lam1,甜蜜：好～、～女（哄女孩子）,冧,
lam3,倒：撞～（撞倒）、～樓（樓房倒塌）,冧,
lam6,堆起，連續：～起啲積木（堆起積木）、～莊（連莊）,冧,
lan2,男性生殖器，引申為罵人語，粗俗語氣助詞：含～，～樣，好～熱,撚/𨶙,
lang3,【1】阻礙、拖累：佗手～脚【2】量詞，形容數目眾多的一堆東西：一搊二～（手上提滿東西）、一～鎖匙,掕,
lap1,帽子、覆蓋物：～衫（過頭穿的衣服）、執～（破產）,笠,
lat1,脫：～手（脫手）、～褲（褲不小心掉下來）、～底（放鴿子）,甩,
lau1,【1】大衣：皮～（皮大衣）【2】披大衣：～返件衫啦（披上大衣吧）,褸,
lau3,逗，主動招惹：～佢講嘢,嘍,
le1,英文level首音節之音譯字，等級：升～（升級），高～（高級）,呢,
lei6,舌頭：豬脷（豬舌頭）,脷,
lek1,聰明、能幹：你眞係～（你眞行）、～仔（聰明能幹的小伙子）,叻,
lem2,舔：～雪糕，～～脷（好味道）,舐/lem,
leng1,小子，有時有看不起人的意思：～仔，～模（嫩模，少女模特兒）,𡃁,
leng3,美、好：～女（美女）、～仔（俊男）、心情好靚（心情很好）,靚,
leoi1,跌倒，倒下：～低,擂,
leon1,用口吸或啃乾淨骨頭周圍的肉，有時也可用於其它食物：～鷄脚、～骨,噒,
leon6,行動不靈活，行事不爽利：～盡（源自龍鍾或踉蹌）,論,
lin5,掐，按，握：～住條頸，～骨，～實,鍊,
ling1,拿、取：～畀我（拿來給我）,拎,
lip1,音譯自英文lift，電梯,𨋢,
lit3,結：打死～（打死結）,纈,
liu1,～哥（八哥鳥）,鷯,
liu1,用細長的東西挖：～鼻屎（挖鼻屎）、～牙（用牙籤剔除牙垢）,撩,
liu2,用細長的東西攪拌：～吓杯咖啡（攪拌一下咖啡）,撩,
liu4,惹：～是鬥非（惹是生非）、～佢講也嘢（逗他説話）,撩,
lo1,語氣詞，表示粵語獨有的一種陳述或感嘆語氣：做咪做～（做就做唄，有點不情願）、咁咪係～（那不就是嘛！）,囉,
lo2,拿：～錢（取錢）、～住（拿着）,攞,
lo3,句末助詞，表示祈使邀請或肯定陳述語氣：陪我去行街～。（陪我逛街吧）今次大鑊～。（這次大件事了）,咯,
lo4,語氣詞，表示粵語獨有的一種陳述語氣：佢話你唔啱～（他說你不對呀，稍微強調使他說的）,囉,
loe1/loe2,費盡唇舌請求、哀求：扭計～買嘢,𦧲,
loek1,佔便宜，榨取金錢：～水,掠,
lok1,脫：～你棚牙！（令你啞口無言）,落,
long1,蠻橫無理，抓狂：～戾,狼,
long4,狠、貪婪：佢打交好～（他打架很狠）、食飯好～（吃飯狼吞虎咽的貪婪樣子）,狼,
long6,～衫（晾衣服）、～蚊帳（掛蚊帳）,晾,
lou1,鍋底的黑灰：鑊～,撈,
lou2,對成年男人的稱呼，通常帶有不尊重的意味：肥～（胖子）、差～（警察）、外省～（外省人）,佬,
lou3,代詞，有「那」的意思：又呢又～（又這又那），現在較為少用,噜,
luk1,量詞，一大根：一～木（一根木頭）、一～葛（形容笨）,碌,
luk1,瞪：～大眼（瞪大眼）、眼～～（眼球圓瞪瞪的樣子）,睩,
luk1,【1】名詞「輪子」：車～【2】動詞「轉輪狀物、滾動」：個波喺度～（球在滾）、部車～過去（車的輪子從上面滾過）,轆,
luk6,用熱水或熱的液體燙：～吓筷子（燙一下筷子消毒）、～吓啲菜（那些菜滾一下）、滾水～腳、畀熱水～親,淥,
lung1,洞，孔穴：穿～（穿了洞）、鑽[gyun1]～鑽[gyun1]罅（到處去）,窿,
lyun1,不直、曲：～毛（卷曲頭髮）,攣,
lyut3,手握着東西向一端抹：～高衫袖、～鬍鬚,捋,
m4,不：～好、～得、～緊要（不要緊）,唔,
maa1,雙的：～仔（孿生兒子）、打～嚟（兩個一起來）,孖,
maa4,奶奶：阿～、太～（曾祖母）,嫲,
maa5,機靈黠慧：鬼～,馬,
maai4,【1】助詞，表示連同一齊做某件事：等～我啊！（等等我！）、同～（連同）、做～啲嘢先（先做完這些東西）【2】收起：～單（結賬）,埋,
maak3,張開、張大：～大口（張開口）、～開手臂（張開手臂）,擘/掰,
maan1,拉弓：～弓搭箭,彎,
maan1,瀕臨邊緣，搭順風車，抓著突出物爬：～車邊，～住上,摱,
maan1,把門拉著，不讓它關上：～住度門,摱,
maang5,蝗蟲：草～、瘦到隻～噉,蜢,
maau1,醉，不省人事：佢飲到～咗,貓,
maau4,狡詐：好～，打～波（ball），～躉（毛蛋）,茅,
mai1,用神看（書）、溫習或學習：～書,咪,
mai5,不要，別：你～理（你別管）、～嘈（別吵）,咪,
mai6,就：噉～啱囉（這樣就對了）、～係囉（就是嘛）,咪,
mak1,量詞「杯、小勺」，源自英文mug：一～米（一勺杯米）,嘜,
mak1,標記、商標，來源於英文mark：～頭（商標）,嘜,
mak2,痣：～屎（皮膚下的多顆小痣）,癦,
man1,元：一～（一元錢）,文,
man1,燜：～牛腩,炆/燜,
man2,把東西抹去，或填平：～屎（擦屁股）、～啲石灰上去（用石灰來填平）,抆,
man3,時間緊迫：時間好～,問,
man6,微裂，出現裂紋：打爛砂盆～到㞘（打破砂盆問到底）,問,
mang1,皺：䩌～～,掹,
mang1,黑漆漆：黑～～,䁅,
mang1,粉刺：～痏/枅（掹雞）,掹,
mang1,拉，扯：～衫尾（扯着衣服下沿）,掹,
mang2,發脾氣：～憎（䁅盯）,𢛴,
mang4,迂腐，守舊：～塞,盟,
mat1,什麽：～名（什麼名）、～嘢（什麽東西）,乜,
mau1,蹲：～蹲（喻失業）、～街（不雅地蹲在街上）、～塔（蹲在馬桶上）,踎,
me1,【1】什麽，與「乜」同：～事（什麽事）【2】句末語氣助詞「嗎」：你重唔知道～？（你還不知道嗎？）、好叻～？（很了不起嗎？）,咩,
me1,揹：～書包、～仔,孭,
mei1,用唇舌輕嚐飲品、小口喝：～茶,渳,
mei1,最後，倒數：～二（倒數第二）、孻～（最後）,屘,
mei1,表示小：雨～（很細的雨）,溦,
mei1,眼睛微閉：～埋眼（合上眼）,眯,
mei6,潛水：～水,未,
mit1,用手指捏：～人～到好痛,搣,
mo1,緩慢、拖拉：佢行得好～（他走得很慢）、動作好～（動作拖拉）,嚤,
mou5,沒有：～事（沒事）、～錢、～得傾（沒得商量）,冇,
mui4,（豬牛）背脊肉：～肉,梅,
mung2,腦筋不清醒：～懂（糊塗）、～盛盛（糊糊塗塗的）,懵,
mung4,糊里糊塗：～查查,矇,
naa2,母的、雌性：老虎～、豬～,乸,
naa4,語氣詞，用於強調已出現的情況或語言：～，你講嘅。（這是你說的）、～係咪呢！（你看，這就見效了）,嗱,
naam3,長度單位，手掌張開，拇指跟食指盡量遠離，此時拇指尖到食指尖的距離為「揇」：個窗有一～咁長,揇,
naam5,肚子上的肥肉：肚～、魚～（魚肚子上白色的肥肉）,腩,
naan3,紅腫塊，通常會痕癢：蚊～（被蚊蟲咬致的紅腫塊）、生～,赧,
naat3,【1】觸碰熱物感到燙：啲水好～（水很熱）【2】挑釁：佢～著我把火,捺,
nam1,數字：～巴（號碼）、靚～（好號碼）,冧,
nam2,想：～計（想辦法）、～唔明（想不明白）,諗,
nam4,【1】柔軟：啲牛腩炆得好～（牛腩煮得很軟了）、笪地好～（这块地很松软）【2】脾氣很好：～善（脾氣溫和）,腍,
nam6,濕透：淋到成身濕到～（淋得渾身濕透）,淰,
nam6,熟睡：睏得～,稔,
nam6,多油：油～～，肥～～,冧,
nan2,撚手（看家的）、撚手菜（最擅長做的菜）,撚,
nap6,黏稠，手腳慢：黐～～，～糯,納,
nap6,濕：濕～～,納,
nau1,生气：發～、～爆爆（氣呼呼）,嬲,
nau6,【1】膩、滞：食到～（吃膩了）、快手啲【2】動作慢：咪咁～（別磨蹭）注：亦可用「腬」字,膩,
nei1,躲、藏：～埋（藏起來）、伏～～（捉迷藏遊戲）,匿,
ngaa6,佔（地方）：～拃（佔地方，引申為霸道）、～住各位（霸着那位置）,掗,
ngaan4,磨：～碎,顏,
ngaat3,臭（通常指帶有尿味）：個廁所好～。,餲,
ngaat6,磨（牙）：～牙,壓,
ngam4,掏、摸：～荷包（掏錢包），～錢,扲,
ngam4,吟吟沉沉（不停地自言自語）,吟,
ngan6,【1】柔軟又結實，受外力作用時，雖然變形而不易折斷，與「脆」相對：～皮（頑皮）、牛肉煮老咗好～（牛肉煮過時間會很難咬開）【2】煙～（形容兩戀人如漆似膠的甜蜜樣子）,韌,
ngap6,搖，一般指上下摇晃：～頭（點頭）、～～貢（搖搖晃晃）,岌,
ngat6,搖動：～凳,扤,
ngau6,與「哣」連用：發～哣（發呆）,吽,
nget6,年老：老～～,兀,
ngok6,抬頭：頭～～（頭沒目的地抬着）、～高頭,𩓥,
ngong6,愚鈍，笨呼呼的：～居（笨、不知變通）,戇,
nik1,拿在手中，提：～住個袋（拿着袋）、～住本書,搦/扐,
nim1,山～乾,棯,
nin2,用手指鉗緊：～住条頸（卡住咽喉）,撚,
no4,揉搓：～乾淨件衫（把衣服搓乾淨）,挼,
nong6,開～褲：開襠褲,浪,
nung1,燶飯（焦飯）,燶,
o1,排便：～屎（拉大便）、～肚（拉肚子）,屙,屙
oi3,要：你重～唔～？（你還要不要？）你～邊種？（你要哪種？）,愛,-
ok6,抬，仰,-,𩓥
ou1,够（伸手向远处取物）,-,擙
paang1,打將出去，赶出去：～佢扯,抨/烹,
paang1,盛飯容器，多為金屬：飯～,烹,
paat6,堆、團，通常指糊狀物：一～牛屎（一堆牛糞），一～奶油,坺,
paau3,車大～（說大話騙人）、大～佬（專說大話的人）,炮,
pai1,削：～蘋果,批,
pat1,濃香：香～～,匹,
pei1,衣物起毛、鬆散：～邊，～口,紕,
pei1,器物磨損：～邊,披,
pek6,扔：～咗啲爛嘢（把破爛東西扔掉）、～炮唔撈（扔下槍不幹，指警察辭職不干）,擗,
peng1,依靠，靠背：椅～,凭,
po1,量詞，「株」、「棵」：一～樹（一棵樹），一～菜（一棵菜）,樖,
pou4,【1】出現，露面：～頭（露面）【2】混，玩：今晚去邊～？（今晚去哪裡混？）、最近好少去～。（最近很少出去玩了）,蒲,
pou5,（兒）媳婦：新～,抱,
saa3,張開：～開,挲,
saai1,【1】浪費：～錢、～電【2】挖苦，奚落：～人哋（挖苦別人）,嘥,
saai3,句未助詞，表示動作完成徹底或程度深，完全，全部：食～（吃光）、夠～（完全足够了）、唔該～（非常感謝）,晒/哂,
saan1,關：～門、～水喉,閂,
saan2,油炸食品：蛋～,散,
saan4,滑，且帶粘液狀：滑～～（滑溜溜）、～菜（一種蔬菜）,潺,
saan4,軟弱體質差：～弱書生（弱不禁風的書生）、～仔（軟弱的傢伙）,孱,
saang2,洗刷，漂亮：～乾淨，～鏡,渻,
saap3,眨眼：～眼，～下吓眼（引伸為轉眼間）,霎,
saap6,涮：～牛肉,烚/熠,
saau3,一種豬飼料，用泔水、米糠、野菜、剩飯等煮成：豬～,潲/餿,
saau4,偷偷瞧：～佢幾眼（瞧他幾眼）,睄,
sai6,咬：一啖～過嚟,噬,
sam2,撒少量粉末狀東西於某物上：～啲鹽落去（撒點兒鹽下去）,糝,
sang3,按住鼻孔出氣，借以排出鼻腔內的粘液：～鼻涕,擤,
sek3,【1】愛護，疼愛：好～你（很疼你）、愛～【2】親：～一啖（親一口）,錫,
seng1,小心，好好地：好～行（好生行走）,聲,
seon2,好東西：～嘢（好東西）、～盤（好樓盤）,筍,
seon2,腦門，嬰兒頭骨未合處：腦～,筍,
seot1,～衫（衬衣）,恤,
si1,下雨狀：落雨～雭（濕）,絲,
si1,打嗝：打～噎,屍,
si6,豆豉：～油（醬油）、～椒排骨（一道廣東菜）,豉,
sik6,虧、損：～本（虧本）、鞋底磨～晒（鞋底磨平了）,蝕,
sin3,閹割：～雞,騸,
sin3,滑倒：～親,跣,
sing1,摑：㨮𢃳～（俗字：兜巴～）,星,
sip3,插入：～位,攝,
soe4,滑：～滑梯,瀡,
sok3,吸（液體或氣體）：～一啖可樂（吸一口可樂）、～氣（喘氣）、～白粉,嗍,
sok3,靚、美貌：～女（美女）,索,
song3,超級，極度，亦用於諢名：～熱，～彪,喪,
sung3,【1】下飯的菜：煮咗五味～（煮了五道菜）【2】伴着吃，使某樣食物更好入口：鹹菜～粥（咸菜伴着粥吃）、糖果～藥,餸,
syu3,地方、處所：邊～（哪裏）、嗰～（那裡，那兒）,處,
syun2,傷破，一般指輕傷：～手爛腳（手傷腳破）,損,
syut1,【1】象聲詞，形容快：部車～一聲開過【2】雪白：白～～,𠽌,
taai1,tyre的音譯，車胎：車～、爆～,呔,
taai5,汽車的方向盤：～盤（方向盤）、打～（打方向盤）,軚,
taam4,享受：～世界,歎,
taam4,用火在表面輕微地燒：～下啲豬腳毛（燒一下豬蹄的表面已達到去毛的目的）,燂,
taap3,鎖上：～佢（用手銬鎖上）,錔,
taap3,比目魚：～沙魚,撻,
taat1,音譯自英文tart：蛋～,撻,
taat1,指穿鞋時將後跟壓下拖着走，很隨便的樣子：～住對拖鞋。,靸,
taat3,～大隻腳周圍行（光着腳到處逛）,撻,
taat3,邋～（骯髒，不乾淨）,遢,
tai2,看：～書（看書）、～水（把風）,睇,
tam3,哄：～細路、～女仔,𠱁,
tam4,團團轉：～～轉,氹,
tam5,坑：水～（水坑）、～仔（小坑）,氹,
tan3,移、挪：～過啲（挪過一點）、～後（往後移）,褪,
tan4,胖乎乎：肥～～,騰,
tau2,【1】休息：早～（晚安）、～涼（乘涼）【2】呼吸：～氣（喘氣、呼吸）,唞,
teoi4,頹廢之省，垂頭喪氣：好～,頹,
tik1,（打）釣：打～,趯/tick,
ting1,明（天）：～日、～晚,聽,
to4,背，一般指弓着腰地背：～住細路（背着孩子）,馱,
to4,瓦片：無尾飛～（有去無回）,砣/鉈,
tong1,宰殺：～豬（殺豬）、～雞還神（粵語常用語：殺雞謝神）,劏,
tong3,平行拉開的門：～門,趟,
ung1,（以土或土狀物）埋、堆：～多啲泥（多培些泥）、啲沙～住我隻腳,壅,-
ung2,推：佢～咗個女入火坑。,擁,㧬
ung3,～菜（通心菜，粵語又叫「通菜」）,蕹,-
waa2,用手指抓：隻貓～損咗我（貓把我抓傷了）、～開件衫（扒開衣服）,搲,
wan1,沉醉於與異性纏綿：～女，～仔,溫,
wan2,找：～人（找人）、～嘢（找東西）、～工（找工作）,搵,
wan3,關押，扣押：拘留所～住啲小偷（小偷被關在拘留所）、用個籠～住隻雀（用籠把小鳥關起來）,韞/榲,
wang1,失敗：～咗,橫,
wat1,誣陷，以強勢使之屈服：～人，～機,屈,
wat1,把塗上醬油的肉略煎再加配料煮成：～雞，～鋰魚,煀,
wat6,外貌令人反感：～突,核,
we2,用手指抓（搲口語讀we2）：隻貓～損咗我（貓把我抓傷了）、～開件衫（扒開衣服）、～銀（賺錢）,搲,
wo1,多汁，柔滑，粘稠：～蛋奶（生鷄蛋打入滾熱的牛奶中形成的滑膩的甜品）、～蛋牛肉飯,滒,
wo3,句末語氣詞【1】表示一種置身其外的語氣：我一啲都唔知～（我一點都不知道）【2】表示輕微的讚嘆：好靚～（挺漂亮的）,喎,
wo5,句末語氣詞【1】表示陳述別人觀點的語氣：佢話唔得～（他說不行的）、佢叫你過去～（他叫你過去）【2】帶有諷刺意味：係咯～（才不是呢！）,喎,
wo5,破壞，弄糟：搞～,喎,
wok6,用來炒菜的鍋：～鏟、大～（引申義為「糟糕」）,鑊,
wui1,放在火堆的炭灰裡燒熟：～番薯,煨,
zaa1,有把握：有～拏（拿）,揸,
zaa1,用手指抓東西：～住把刀（手拿着到）、～車（開車）、揸篼乞食（拿飯碗乞討）,揸,
zaa2,品質差劣，水準低：～嘢，好～,渣,
zaa3,水母：白～,鮓/蚱,
zaa3,句末語氣詞，相當於「才」、「罷了」、「而已」：我去過一次～（我才去過一次）、我得10文～（我祇有10塊錢）,咋,
zaa6,【1】用手抓的一把，或形容一堆數量繁多的東西：一～芝麻（一把芝麻）、一～螞蟻（一群螞蟻）【2】堵住、塞住：～住巷口（堵住胡同口）,拃,
zaak3,砸，壓：大石～死蟹，～年（厭歲）,責,
zaak3,重物壓於上：嚿石～住隻腳、大石～死蟹,磧,
zaam2,眨眼：～眼,䁪,
zaan2,美妙、有趣：呢隻古仔好～鬼（這個故事眞妙）,盞,
zaan2,走～（鬆動）,趲,
zaang1,【1】肘：手～【2】腳跟：腳～、高～鞋（高跟鞋）,踭,
zaang1,頭髮蓬鬆而淩亂：頭髮起晒～（頭髮蓬鬆）,鬇,
zaang6,撐，使之充滿：～爆件衫,掙/綻,
zaang6,過飽，肚皮撐著：～爆肚,掙/綻,
zaap6,～骨（衣服等鎖邊）,鈒,
zaat2,曱甴（蟑螂）,甴,
zaau6,～艇（划艇）,棹,
zaau6,,罩,
zai2,【1】用法相當於「子」，意為小東西：細路～（小孩子）、雀～（小鳥）、杯～（小杯子）【2】兒子：～女（兒女）,仔,
zai3,開關、按鈕：電～（電開關）、手～（遊戲機的搖杆）,掣,
zam2,後腦勺：後尾～,枕,
zam3,涼意：涼～～,浸,
zap1,撿，拾，拿：～藥，～貨。量詞，一撮：一～毛,執,
zat1,陰～：形容做傷天害理的事。,騭,
zat1,地方淺窄：屈～,質,
zat1,擳,質,
zat6,本義為「堵」、「塞」，不及物動詞：口～～（結結巴巴）、突然～住（突然停住）；可引申為及物動詞，意為「使別人沒話説」：～到佢冇聲出（用言語堵得他沒話說。）,窒,
ze1,句末語氣詞：關你咩事～？（不滿語氣：關你什麼事呀？）、好唔好～？（追問：好不好啊？）,啫,
zeng1,太陽穴：魂～,精,
zeng3,上乘，漂亮：～嘢,正,
zeng6,堅實，堅強：硬～,淨,
zeon1,瓶：玻璃～、膠～,樽,
zeot1,搓、擦：～老泥（搓污垢）,捽,
zeot1,烏黑的，通常曡用：黑～～、烏～～,卒,
zi1,蚊子、蠓蟲等小飛蟲的總稱：蚊～,螆,
zik1,疳積病：生～（疳積病）,癪,
zim1,插對：打～,尖,
zip3,折、疊：～紙、～被,摺,
zit1,通過擠壓以把内部東西逼出：～牙膏、～暗瘡,擳/唧,
zit1,液體濺出或噴出：畀啲水～到週身濕晒（被水濺到滿身濕透）、佢用水槍～我（他用水槍射我）,瀄,
ziu3,照顧，關照：放心啦，入面有熟人～住（放心吧，裏面有熟人關照）、我～你（我關照着你）,照,
ziu6,嚼、咀嚼：～香口膠、～完鬆（比喻佔了便宜就跑）,𡁻,
ziu6,打：～佢一鑊（打他一頓）,摷/趙,
zo2,表示動作完成，相當於「了」：完成～任務（完成了任務）、走～（走了）,咗,
zong1,窺視，偷窺：～人沖涼,𥅾/裝,
zung1,一種體積較少的器皿：煙灰～、口～、茶～,盅,
zung1,撞向或用拳擊打：～個頭埋去，一拳～過去,舂,
zung6,還，再，更：～有（還有）、～係（還是）、～好（更好）,仲/重,
zyut3,用嘴吮吸，吻：～田螺、～一啖（吻一下）,啜,
