通用粵字,嚴式音標,寬式音標,教院拼音,越式粵拼,學會粵拼,直音反切(註),原壯傣底層,外語借詞,意思及例子,可能本字,疑問或建議/註解
𠼮/囈,[ɐi˥],ɐi1,ai1,ăi,ai1,批之韻,,,哀求：～～篩篩,,原壯傣底層？
翳,[ɐi˧],ɐi3,ai3,ắi,ai3,縊,,,"【1】憂愁：閉～
【2】悶、不舒服：～焗（悶熱）、心口～住～住",翳,
揞,[ɐm˧˥],ɐm2,am2,ẳm,am2,黯,,,捂：～實個傷口（捂住傷口）,揞,
奀,[ɐn˥],ɐn1,an1,ăn,an1,奔之韻,,,瘦弱、瘦小：～瘦、～挑鬼命（瘦小得可憐）,,
䟴, [ɐn˧],ɐn3 ,an3 ,ắn,an3 ,噴之韻,,,搖、振：～～腳（悠閒狀）,,
哽,[ɐŋ˧˥],ɐŋ2,ang2,ẳng,ang2,等之韻,,,觸着硬的不平的東西，或被硬物頂着：石仔～腳、有嘢～住我背脊,,
罯,[ɐp̚˥],ɐp7,ap7,ăp,ap1,急之韻,,,長時間放在陰暗潮濕不通風處，使變質或發酵：～生草藥、～臭,罯,
噏,[ɐp̚˥],ɐp7,ap7,ăp,ap1,急之韻,,,說，隨意地說，通常帶貶義：亂～（胡說）、～三～四（説三道四）,𡀾,
悒,[ɐp̚˥],ɐp7,ap7,ăp,ap1,急之韻,,,內心憂鬱，不舒暢：心～,,
扤,[ɐt̚˥],ɐt7,at7,ăt,at1,不之韻,,,壓、塞：～實個樽蓋（塞緊瓶蓋）、將棉胎～實啲（把棉被壓緊點）,乞/掗,
掗,[ɐt̚˥],ɐt7,at7,ăt,at1,不之韻,,,硬打東西送給或賣給別人：～錢畀我,掗,
漚,[ɐu˧],ɐu3,au3,ắu,au3,咒之韻,,,"【1】將某物放置一段時間，使其發酵或變質：～爛
【2】憋：～氣（憋氣）",,
吖,[aː˥],a1,aa1,a,aa1,丫,,,"句末語氣助詞，可表示輕微的讓步，或與「嘛」連用：
係～，你講得冇錯。
唔係咁黑～嘛！（不是這麽倒霉吧！）",,
嗌,[aːi˧],ai3,aai3,ái,aai3,拜之韻,,,"【1】大聲叫：～佢過嚟、～救命 
【2】吵架：～交、相～唔好口",,
呃,[aːk̚˥],ak7,aak7,ak,aak1,厄,,,騙：佢成日～我、～飲～食（騙喝騙吃的）,訛/啞,
鈪,[aːk̚˧],ak8,aak8,ák,aak3,厄,,,鐲子：金～、手～,扼,
啱,[aːm˥],am1,aam1,am,aam1,貪之韻,壯語: ngamj,,"【1】對：～晒（全對）
【2】合適：唔～着（不合穿）
【3】湊巧：咁～得咁蹺（那麼湊巧）、～～（剛剛）",,
晏,[aːn˧],an3,aan3,án,aan3,盼之韻,,,"【1】遲：咁～先起身。
【2】中午或下午：食～（吃午飯）、～晝（下午）",,
鴨,[aːp̚˧],ap8,aap8,áp,aap3,鴨,,,穿（尿布）：～尿片,擪,
餲,[aːt̚˧],at8,aat8,át,aat3,壓,,,臭（通常指帶有尿味）：個廁所好～。,,
摳,[aːu˥],au1,aau1,au,aau1,包之韻,,,搔癢：～痕,撓,
拗,[aːu˧˥],au2,aau2,ảu,aau2,飽之韻,,,折彎，折斷：～斷條樹枝、～柴（腳扭傷或斷了）,夭/較,
詏,[aːu˧],at8,aau3,áu,aau3,爆之韻,,,爭執、爭辯：～撬、～頸（耍脾氣堅持自己的意見）,,
屙,[ɔː˥],ɔ1,o1,o,o1,柯,,,排便：～屎（拉大便）、～肚（拉肚子）,,
愛,[ɔːi˧],ɔi3,oi3,ói,oi3,蓋之韻,,,要：你重～唔～？（你還要不要？）你～邊種？（你要哪種？）,,
壅,[ʊŋ˥],uŋ1,ung1,ung,ung1,雍之韻,,,（以土或土狀物）埋、堆：～多啲泥（多培些泥）、啲沙～住我隻腳,,
擁,[ʊŋ˧˥],uŋ2,ung2,ủng,ung2,湧之韻,,,推：佢～咗個女入火坑。,擁,
蕹,[ʊŋ˧],uŋ3,ung3,úng,ung3,甕,,,～菜（通心菜，粵語又叫「通菜」）,,
閉,[pɐi˧],bɐi3,bai3,bắi,bai3,蔽,,,了不起：巴～（把柄，亦可用於反嘲）,柄,
崩,[pɐŋ˥],bɐŋ1,bang1,băng,bang1,波鶯切,,,極臭：臭～～，蔫～爛臭,肨/䏺/胮/膖,
凭,[pɐŋ˨],bɐŋ6,bang6,bặng,bang6,波鄧切,,,倚、靠：挨挨～～（兩人挨挨靠靠的）,,凭 其實係 憑嘅簡體，相信係整理字表嘅時候大家搞錯咗。我建議用返「憑」
𢳂/𢴩,[pɐt̚˥],bɐt7,bat7,băt,bat1,不,,,用勺子將東西從一個地方裝到另一個地方：～飯（裝飯）,,
巴,[paː˥],ba1,baa1,ba,baa1,爸,,,摑：㨮～膺（俗字：兜～星）,𢃳,
湴,[paːn˨],ban6,baan6,bạn,baan6,辦,,,爛泥：泥～,,
𠾴,[paːŋ˨],baŋ6,baang6,bạng,baang6,波孟切,,,冚～唥（全部，合併或咸不論之音變）,併/不,
爆,[paːu˨],bau6,baau6,bạu,baau6,波鬧切,,,突出牙齒：～牙,齙,
睥,[pɛː˥],bɛ1,be1,be,be1,啤,,,用眼睛長時間盯着：眼～～（眼瞪瞪釘着）、～咩～！（看什麽看！）,,
柄,[pɛːŋ˧],bɛŋ3,beng3,béng,beng3,波鏡切,,,躲藏，走開：～埋,屏,
癟,[pɛːt̚˨],bɛt9,bet9,bẹt,bet6,別轉嘅母,,,軟，成糊狀：腍～～,癟,
肶,[pei˧˥],bei2,bei2,bẻi,bei2,比,,,即大腿：雞～,髀,
畀/俾,[pei˧˥],bei2,bei2,bẻi,bei2,比,,,給：～錢,畀,
俾,[pei˧˥],bei2,bei2,bẻi,bei2,比,,,"【1】被，容許：～人鬧（被人罵）
【2】讓：唔～入（不讓進去）",俾,被和容許是兩個不同意思，應分開
潷,[pei˧],bei3,bei3,béi,bei3,泌,,,格、過濾：～咗啲菜汁,,
邊,[piːn˥],bin1,bin1,bin,bin1,辮,,,哪：～個，～道（哪裡）,便/焉,
邊,[piːn˥],bin1,bin1,bin,bin1,邊,,,闊口食盤，煮食器皿：打～爐（吃火鍋）,甂,
咇,[piːt̚˥],bit7,bit7,bit,bit1,必,,,液體從小孔噴出：水管壞咗，～水出嚟（水管壞了，噴水出來）,泌?,
飆/飇,[piːu˥],biu1,biu1,biu,biu1,標,北壯：biu [pi:u˧˥],,"【1】形容快速，像風一樣：佢～得好快（他跑得很快）
【2】液體噴射：～尿
",飆/猋,飆/猋 並無噴出義；壯語 hanh biu 義 出汗 (標汗)
標,[piːu˥],biu1,biu1,biu,biu1,彪,,,【1】長高：～高 【2】出類拔萃：～青,䅺,用飆高如何？
菠,[pɔː˥],bɔ1,bo1,bo,bo1,波,,,金～羅，古代酒器，喻指珍貴之物,叵,
菠,[pɔː˥],bɔ1,bo1,bo,bo1,波,,,膝蓋骨：～櫨（蘿）蓋,欂,
噃,[pɔː˧],bɔ3,bo3,bó,bo3,播,,,"句末語氣詞，表示叮囑或肯定：
你好叻～。（你挺能幹的）
你記住準時到～。（你記緊要準時到）",,
㩧,[pɔːk̚˥],bɔk7,bok7,bok,bok1,波剝切,,,用棍或棍狀物打：～穿個頭（打穿頭）,扑/攴,
煲,[pou˥],bou1,bou1,bou,bou1,褒,,,"【1】名詞，壁較陡直的鍋：飯～、藥～
【2】動詞，煮：～湯","𩱚
(弓孛弓鬲)",
簿,[pou˧˥],bou2,bou2,bou,bou2,保,,,陌生：生～,暴,
菢,[pou˨],bou6,bou6,bọu,bou6,哺,,,"1】孵：～雞仔（孵小雞）
【2】使暖和：～暖個被兜（將被窩弄暖）",,
伏,[pʊk̚˨],buk9,buk9,bụk,buk6,僕,,,趴，俯伏：～低（趴下）、～伊人（捉伊人？）、～匿匿（捉迷藏）,伏,
𩗴,[pʊŋ˨],buŋ6,bung6,bụng,bung6,波夢切,,,量詞「陣」、「股」：一～臭味（一股臭味）,,
砌,[tsʰɐi˧],tsɐi3,tsai3,cắi,cai3,刺翳切,,,打：～人,搓/摕,
侵,[tsʰɐm˥],tsɐm1,tsam1,căm,cam1,刺庵切,,,使進入、參加：～埋我玩啦（讓我參加一塊兒玩吧）、～啲水入去（加點水進去）,參,
譖,[tsʰɐm˧],tsɐm3,tsam3,cắm,cam3,刺暗切,,,長氣、囉嗦：你好～呀！（你眞囉嗦！）,尋,
尋,[tsʰɐm˩],tsɐm4,tsam4,cằm,cam4,沉,,,昨（日）：～日，～晚,昨暝/尋,
襯,[tsʰɐn˧],tsɐn3,tsan3,cắn,can3,趁,,,光顧：幫～,䞋,
葺,[tsʰɐp̚˥],tsɐp7,tsap7,căt,cap1,輯,,,整齊：齊～～,戢/葺,
柒/𨳍,[tsʰɐt̚˨],tsɐt9,tsat9,cặt,cat6,次拔切,,,男性生殖器，土氣，丟臉，粗俗語氣助詞：托～，好～，～頭,𡴶←乜字嚟?!,宜分開作幾個細項
抽,[tɕiʰɐu˥],tsɐu1,tsau1,chău,cau1,秋,,,"【1】有挽手的袋子：手～
【2】量詞「串」：一～鎖匙",搊,
搽,[tɕiʰaː˩],tsa4,tsaa4,chà,caa4,茶,,,塗：～葯（敷藥）、～脂蕩粉（涂脂抹粉）,,
扠,[tɕiʰaː˩˧],tsa5,tsaa5,chã,caa5,刺雅切,,,塗改：～咗個錯字,䵦,
搓,[tɕiʰaːi˥],tsai1,tsaai1,chai,caai1,猜,,,揉：～麵粉,搋,
拆,[tɕiʰaːk̚˧],tsak8,tsaak8,chák,caak3, 冊,,,冬天皮膚裂開：爆～膏,㿭,
篸,[tsʰaːm˦˥],tsam2,tsaam2,cảm,caam2,慘,,,簸箕：垃圾～,,caan2 比 caam2 多用
巉,[tsʰaːm˩],tsam4,tsaam4,càm,caam4,蠶,,,嶙峋突兀：岩～（表面突兀不平，指難看）,,
㔆,[tsʰaːm˩˧],tsam5,tsaam5,cãm,caam5,刺覽切,,,刺：隻手～到刺（被刺刺到手了）,,
鏟/剷,[tɕiʰaːn˦˥],tsan2,tsaan2,chản,caan2,產,,,磨刀：～刀,摤,
罉,[tɕiʰaŋ˥],tsaŋ1,tsaang1,chang,caang1,刺坑切,,,平底鍋：砂煲甖～（瓦鍋瓶罐）,鐺,
掁,[tɕiʰaːŋ˩],tsang4,tsaang4,chàng,caang4,刺彭切,,,刺眼：～眼,掁,
擦,[tɕiʰaːt̚˧],tsat8,tsaat8,chát,caat3,察,,,囂張，自負：牙～～,"𪙻
(齒雀戈)",
耖/摷,[tɕiʰaːu˧],tsau3,tsaau3,cháu,caau3,刺教切,,,翻箱倒櫃或費很大勁地找：從工具箱～粒螺絲出嚟、～勻全世界都要～到佢,找,
觘,[tɕiʰaːu˧],tsau3,tsaau3,cháu,caau3,刺教切,,,一般指給牛挑了起來：畀隻牛～起,,
巢,[tɕiʰaːu˩],tsau4,tsaau4,càu,caau4,刺矛切,,,皺：～皮,䩌,
唓,[tsʰɛː˥],tsɛ1,tse1,che,ce1,車,,,句頭語氣詞，表示不屑（官話常借作「切」）：～，你估我唔知咩！（切，你以為我不知道？）,嗟,
車,[tsʰɛː˥],tsɛ1,tse1,che,ce1,奢,,,胡扯：亂咁～，～大炮（撒謊）,撦/扯,
扯,[tsʰɛː˦˥],tsɛ2,tse2,chẻ,ce2,且,,,走，離開：我～,誃/跙,
赤,[tsʰɛːk̚˧],tsɛk8,tsek8,chék,cek3,尺,,,頭痛：頭～,𣤩,
春,[tsʰɵn˥],tsœn1,tsoen1,chơn,ceon1,椿,,,"【1】卵：雞～
【2】睾丸：～袋",膥,
嗤,[tsʰiː˥],tsi1,tsi1,chi,ci1,癡,,,噴氣：打乞～（打噴嚏）,,
黐,[tsʰiː˥],tsi1,tsi1,chi,ci1,癡,,,黏：黐線/黐孖筋（神經病），不要寫為「癡線」,,
糍,[tsʰiː˩],tsi4,tsi4,cì,ci4,慈,,,糯米糰子，有餡：糯米～,餈,
撍,[tsʰiːm˩],tsim4,tsim4,cìm,cim4,潛,,,抽：～烏龜（一種撲克遊戲）,,
掅,[tsʰɪŋ˧],tsɪŋ3,tsing3,cíng,cing3,刺慶切,,,提：～起個袋（把袋子提起來）、抽～（挑剔）,,
埕,[tsʰɪŋ˩],tsɪŋ4,tsing4,cìng,cing4,程,,,一種缸狀容器，通常用於盛酒：酒～,埕,
情,[tsʰɪŋ˩],tsɪŋ4,tsing4,cìng,cing4,程,,,剪刀石頭布：猜～鋹（尋）,澄,
切,[tsʰiː˥],tsit1,tsit1,cit,cit1,次必切,,,薄：薄～～,設,另讀：jit1
超,[tsʰiːu˥],tsiu1,tsiu1,chiu,ciu1,釗,,,看，偏心：四圍～，大細～（由看重看輕引伸為偏心）,瞧,
啋,[tsʰɔːi˥],tsɔi1,tsoi1,coi,coi1,刺哀切,,,語氣詞，在某人說了不吉利東西後用該字，以表示不吉利的東西不會靈驗：～！咪講唔吉利嘅嘢（呸，別說些不吉利的話）,,
灼,[tsʰœːk̚˧],tsœk8,tsoek8,chớk,coek3,桌,,,把食物放在滾水裏略微一煮就拿出來：～生菜,焯,
噱,[tsʰœːk̚˧],tsœk8,tsoek8,chớk,coek3,桌,,,～頭（吸引人的東西、新意思）,,
唱/暢,[tsʰœːŋ˧] ,tsœŋ3,tsoeng3,chớng,coeng3,唱,,,找續零錢：～散紙（把大張的錢找開）,,
擢/戳/chok,[tsʰɔːk̚˧],tsɔk8,tsok8,chók,cok3,次惡切,,,耍帥，裝酷：～樣,,
寸/串,[tsʰyːn˧],tsyn3,tsyn3,cứn,cyun3,吋,,,囂張，挑釁：好～，～人，～嘴（說話不饒人）,,
抵,[tɐi˦˥],dɐi2,dai2,dẳi,dai2,底,,,"【1】值得：件衫好～買（這衣服很實惠）
【2】該，活該（由【1】的意義引申而得）：～死（該死）、你咁醒，～你發達（你這麽能幹，發財是無可非議的）",抵,"【1】例子可加“今次輸得好唔抵”（這一次輸得很不應該）。
另外應討論如“我唔抵得你有個好老公”之類的“抵”。"
第,[tɐi˨],dɐi6,dai6,dặi,dai6,弟,,,翌，「第二」合音：～日，～時,第二/遞,
抌,[tɐm˦˥],dɐm2,dam2,dẳm,dam2,大黯切,,,扔：～石仔（扔小石子）、～咗佢（扔了它）,抌,
揼,[tɐm˦˥],dɐm2,dam2,dẳm,dam2,大黯切,,,用拳頭打：～心口（捶胸口）、～你一捶（打你一拳）,抌,
沊,[tɐm˦˥],dɐm2,dam2,dẳm,dam2,大黯切,,,水聲：～一聲跳落水,丼,
髧,[tɐm˧],dɐm3,dam3,dắm,dam3,大暗切,,,垂下：頭髮長到～落膊頭,髧,“豬髧兜”（形容人相貌胖而愚鈍）是否歸此類？
揼,[tɐm˧],dɐm3,dam3,dắm,dam3,大暗切,,,拖延：～時間，～波鐘（拖時間）,,
躉,[tɐn˦˥],dɐn2,dan2,dẳn,dan2,大緊切,,,"【1】基部、基本支持物：橋～（橋墩）、擁躉（支持者）
【2】放：～低行李（放下行李）、～喺呢度（放在這裡）",頓,
墩,[tɐn˦˥],dɐn2,dan2,dẳn,dan2,大緊切,,,胖而矮：肥～～,墩,
扽,[tɐn˧],dɐn3,dan3,dắn,dan3,大振切,,,震動、顛簸：路唔平，開車好～（路不平，開車很顛簸）,頓/扽,
撴,[tɐn˧],dɐn3,dan3,dắn,dan3,大振切,北壯：daengh [tɐŋ˧],,重重地往下放：～爛個花樽,,
撜,[tɐŋ˥],dɐŋ1,dang1,dăng,dang1,登,,,把薄質物體綳直：～直張紙,頓/扽,
戥,[tɐŋ˨],dɐŋ6,dang6,dặng,dang6,鄧,,,替：～你唔抵（替你可惜）、～秤（充秤）,,
戥,[tɐŋ˨],dɐŋ6,dang6,dặng,dang6,鄧,,,伴郎：～豬（穿）石,幐,
溚,[tɐp̚˨],dɐp9,dap9,dặp,dap6,大及切,,,淋：～雨,,
耷,[tɐp̚˥],dɐp7,dap7,dăp,dap1,大噏切,,,垂下：頭～～（垂頭喪氣的樣子）,耷,
揼,[tɐp̚˨],dɐp9,dap9,dặp,dap6,大及切,,,打，按摩：～佢，～骨,搨,
腯,[tɐt̚˥],dɐt7,dat7,dăt,dat1,大不切,,,形容肥、矮：肥～～、矮～～,腯,
咄,[tɐt̚˥],dɐt7,dat7,dăt,dat1,大不切,,,頂撞：～人,咄,
兜,[tɐu˥],dɐu1,dau1,dău,dau1,大歐切,,,當面：～口～面,當,
兜,[tɐu˥],dɐu1,dau1,dău,dau1,大歐切,,,如缽之食器，傳統上瓦製：乞兒～，揸～（喻行乞）,篼,粵語的兜，是否直接等同於官話的缽？
兜,[tɐu˥],dɐu1,dau1,dău,dau1,大歐切,,,摑：～𢃳膺（俗字：～巴星）,㨮,
竇,[tɐu˧],dɐu3,dau3,dắu,dau3,鬥,,,窩、巢：狗～（狗窩）、雀～（鳥巢）,,
鬥,[tɐu˧],dɐu3,dau3,dắu,dau3,大究切,,,做木工：～木,斲,意指「拼砌」或「嵌接」。
哣,[tɐu˨],dɐu6,dau6,dặu,dau6,逗,,,與「吽」連用：發吽～（發呆）,,
竇,[tɐu˨],dɐu6,dau6,dặu,dau6,逗,,,父親：老～（爸爸）,頭,
大,[taːi˨],dai6,daai6,dại,daai6,打敗切,,,搬出某些優勢使別人處於下風：你唔好～我（你不用在我面前虛張聲勢）,,
覘,[taːm˥],dam1,daam1,dam,daam1,擔,,,仰望（天空）：～天望地,瞻,
擔,[taːm˥],dam1,daam1,dam,daam1, 耽,,,擡頭：～高個頭,擔,
啖,[taːm˨],dam6,daam6,dạm,daam6,氮,,,量詞「口」：食～飯啦（吃口飯吧），得返一～氣（祇剩一口氣）,,
嗒,[taːp̚˥],dap7,daap7,dap,daap1,答陰入,,,含着口中慢慢嚐味：慢慢～先好味（慢慢嚐才好味）、～糖（咂糖果，引申為對某人產生愛慕）,[飠沓],另讀：dep1
鎝,[taːp̚˧],dap8,daap8,dáp,daap8,塔,,,鎖，逮捕：～住度門，～起佢,錔,
沓,[taːp̚˨],dap9,daap9,dạp,daap6,踏,,,"【1】量詞「疊」，通常指比較厚的一「疊」：一大～（一大疊）、～水（有錢）
【2】動詞「疊」～正八點（剛好八點）",叠,叠是簡化字，疊才是傳統漢字
笪,[taːt̚˧],dat8,daat8,dát,daat3,大八切,,,量詞「片」、「塊」：呢～地方（這片地方）、大～地（地攤市場，通常是露天的）,,
撻,[taːt̚˧],dat8,daat8,dát,daat3,大八切,,,"【1】用力向下撞擊桌面或地面上以致發出悶響：～生魚、～落地。
【2】由【1】引申而來，表示出示，拿出來，擺出來：～個朵出嚟（把大名說出來）、～個工作證出嚟，佢即時畀面（把工作證拿出來）",,
躂,[taːt̚˧],dat8,daat8,dát,daat3,大八切,,,絆倒，摔倒：～低,躂,
嗲,[tɛː˦˥],dɛ2,de2,dẻ,de2,大者切,,,撒嬌：～聲～氣、～佢男朋友。（向她男朋友撒嬌）,,
嗲,[tɛː˩],dɛ4,de4,dè,de4,大椰切,,,像聲詞：水流到～～聲（水流得咚咚聲）、口水～～渧（口水不住地流出來）,,
地,[tei˦˥],dei2,dei2,dẻi,dei2,大比切,,,副詞，表示有一點兒：傻傻～（有點兒傻）、酸酸～（有點兒酸）,,
哋,[tei˨],dei6,dei6,dẹi,dei6,地,,,指複數，相當於「們」：佢～（他們）,等,
趯,[tɛːk̚˧],dɛk8,dek8,dék,dek3,大踢切,,,"【1】跑：東～西～（東奔西跑）、未放工，啲人就～晒（未下班，人都走光了）
【2】趕走：～人走、～出校",趯,"另有：dek4：～米　（本字相同）
陳註：現代標準粵語可有陽平之對應入聲？"
糴,[tɛːk̚˧],dɛk8,dek8,dék,dek3,大踢切,,,搬食糧：～米,糴,
掟,[tɛːŋ˧],dɛŋ3,deng3,déng,deng3,大鏡切,,,擲、扔：～石仔（擲小石塊）,擲,
埞,[tɛːŋ˨],dɛŋ6,deng6,dẹng,deng6,大鄭切,,,地方：冇～企（沒地方站）,䣊/黨,
堆,[tɵy˦˥],dœy1,doey1,dơư,deoi1,大推切,,,油炸賀年食品：煎～,䭔,
隊,[tɵy˦˥],dœy2,doey2,dởư,deoi2,大取切,,,捅、伸：～支棍入去（把棍子伸進去）、～冧（殺死）,㨃,
對,[tɵy˧],dœy3,doey3,dớư,deoi3,大脆切,,,浮腫：眼～,膇,
啲,[tiː˥],di1,di1,di,di1,大衣切,北壯：ti [tiː˧˥],,些：有～人（有些人）,滴,尐: 子列切 = zit6?，本字存疑
扚,[tɪk̚˥],dik7,dik7,dik,dik1,的,,,提拿：～起佢（提起他）,,
的,[tɪk̚˥],dik7,dik7,dik,dik1, 嫡,,,突出物，小巧：粒～，～式,菂,
點, [tiːm˦˥],dim2,dim2,dỉm,dim2,大掩切,,,怎、怎樣、怎麽：～樣、～解（為甚麽）,怎,
掂, [tiːm˧],dim3,dim3,dím,dim3,店,,,接觸、摸：～吓都唔得（摸一下都不行）,拈,中古漢語拈爲[niem]，何來[dim]音？
𠶧/掂, [tiːm˨],dim6,dim6,dịm,dim6,大念切,,,"【1】可以，没問題：搞～（辦妥）、～晒（全部搞好）
【2】直：橫～（横直、反正）",正,
䠄, [tiːn˦˥],din2,din2,dỉn,din2,典,,,輾轉反側，在牀上翻滾：～牀～席,𩥇,
椗,[tɪŋ˧],diŋ3,ding3,díng,ding3,碇,,,節：喉嚨～（喉核）,,
定,[tɪŋ˨],diŋ6,ding6,dịng,ding6,大並切,,,"連詞「還是」，一般用於選擇疑問句，與「定係」相同：
你想食蛋糕～麵包？
前面轉左～係轉右？",,
屌,[tiːu˦˥] ,diu2,diu2,dỉu,diu2,大繞切,,,男子性交動作,屌,宜言明攻守關係
吊,[tiːu˧],diu3,diu3,díu,diu3,弔,,,偏僻：～腳,窵,
剁,[tœːk̚˧],dœk8,doek8,dớk,doek8,琢,,,將肉或食物斬碎：～豬肉,斫,
啄,[tœːŋ˥],dœŋ1,doeng1,dơng,doeng1,大張切,,,啄食、啄咬：雞～唔斷（咬著不放）,黨/啄,
篤,[tʊk̚˥],duk7,duk7,duk,duk1,督,,,一泡：一～尿，一～口水,涿,
篤,[tʊk̚˥],duk7,duk7,duk,duk1,督,,,尾：沿住條路行到～,𢽴/豛/䐁/㞘,另有人讀duk8
厾,[tʊk̚˥],duk7,duk7,duk,duk1,督,,,刺、捅：～穿個窿（捅個窿）、～背脊（打小報告）,,
戙,[tʊŋ˨],duŋ6,dung6,dụng,dung6,洞,,,竪：一橫一～（一橫一竪）、～喺度（竪放在那裏）,,
嘟,[tyːt̚˥],dyt7,dyt7,dưt,dyut1,奪陰入,,,"形容肥：肥～～
",腯,
嘟,[tyːt̚˥],dyt7,dyt7,dưt,dyut1,奪陰入,,,擬聲詞，電子收費儀器之反應聲響。,嘟,
瞓,[fɐn˧],fɐn3,fan3,fắn,fan3,訓,,,睡覺：～覺、～唔着（睡不着）,困/睏,
忽,[fɐt̚˥],fɐt7,fat7,făt,fat1,忽,,,屁股：屎～（由洞窟類比為肛門，再借代為臀部）,窟,
𢪎,[faːk̚˧],fak8,faak8,fák,faak3,貨伯切,,,旋轉或旋轉攪拌：～蛋,𢪎,
番,[faːn˥],fan1,faan1,fan,faan1,翻,,,回，上：～屋企（回家），～學（上學）,返,
忽/fake,[fɪk̚˥],fik7,fik7,fik,fik1,貨益切,,英語,源自英文fake，轉用作動詞，欺騙：～人,fake,
揈/𢫕,[fiːŋ˨],fiŋ6,fing6,fịng,fing6,貨認切,,,懸吊時搖擺的狀態，吊兒郎當：～蒞～去，吊吊～,屏,
拂,[fiːt̚˥],fit7,fit7,fit,fit1,貨必切,,,用藤條或其它棒條抽打：～一下,,
弗,[fiːt̚˥],fit7,fit7,fit,fit1,貨必切,,,英文fit的音譯字：健美：好～，～馬,fit,
戽,[fuː˧],fu3,fu3,fú,fu3,富,,,戽水（往外潑水）、～被（睡覺踢被子）、～棋（下棋時快要輸的時候推翻棋盤不認賬）,,
雞,[kɐi˥],gɐi1,gai1,găi,gai1,枅,,,燒香之骨柄：香～。香～腳，喻指又長又細的腳。,笄/枅,
雞,[kɐi˥],gɐi1,gai1,găi,gai1,笄,,,圓形繭（厚皮）：～眼,𥀖,
偈,[kɐi˧˥],gɐi2,gai2,gẳi,gai2,加低切,,,心聲、談話的内容：傾～（聊天），非寫為「傾計」,蓋,
髻,[kɐi˧],gɐi3,gai3,gắi,gai3,計,,,盤在頭頂或腦後的發結：丫角～,,
噉,[kɐm˧˥],gɐm2,gam2,gẳm,gam2,敢,,,"【1】代詞「這樣」：苦瓜～面（像苦瓜似的臉）、～都得？（這樣都可以？）
【2】助詞「地」：好嬲～走咗（生氣地走了）",,
咁,[kɐm˧],gɐm3,gam3,gắm,gam3,禁,,,副詞「這麽」：天氣～熱（天氣這麽熱）、～犀利（這麽厲害）,,
黚,[kɐm˩],gɐm4,gam4,gằm,gam4,加林切,,,形容黃黃的，通常有少少貶義：黃～～,黚,
撳,[kɐm˨],gɐm6,gam6,gặm,gam6,加甚切,,,按：～釘（圖釘）、～電掣（按電鈴）,,
緊,[kɐn˧˥],gɐn2,gan2,gẳn,gan2,僅,,,表示進行中：你做～乜啊？（你正在幹什麽？）、睇～電視。（正在看電視）,亙/恆,
梗,[kɐŋ˧˥],gɐŋ2,gang2,gẳng,gang2, 耿,,,必定：～係，贏～,亙/恆,
哽,[kɐŋ˧˥],gɐŋ2,gang2,gẳng,gang2,梗,,,觸着硬的不平的東西，或被硬物頂着：石仔～腳、有嘢～住我背脊。,,
佮,[kɐp̚˧],gɐp8,gap8,gắp,gap3,蛤,,,合：～份（合份）、～埋（合起來）,,
𥄫,[kɐp̚˧],gɐp8,gap8,gắp,gap3,蛤,,,目不轉睛地看，偷看：～住晒，～女,䁯,
蛤,[kɐp̚˧],gɐp8,gap8,gắp,gap3,鴿,,,用於動物名：～乸（青蛙）；花～（花甲）；～蚧；雪～,,
㓤,[kɐt̚˥],gɐt7,gat7,găt,gat1,吉,,,～咗一下（刺了一下）,,
趷,[kɐt̚˨],gɐt9,gat9,gặt,gat6,加兀切,,,踮起腳，或一上一下的樣子：～跛跛（單腳跳）、躝屍趷路（滾蛋）、～高（踮高腳）,揭/竭/撅,
,[kɐt̚˨],gɐt9,gat9,gặt,gat6,加兀切,,,口~~、講嘢~下~下,吃,
𨳊/鳩,[kɐu˥],gɐu1,gau1,gău,gau1,加歐切,,,"【1】勃起之陰莖，未細分時也可指未勃起之陰莖。
【2】疑問代詞，具侮辱性質的粗口：關你～事（關你屁事），你噏乜～？（你說什麼？）
【3】表示“無物”：又話有飯食，食碌～咩！",㞗,
嚿,[kɐu˨],gɐu6,gau6,gặu,gau6,舊,,,塊：一～石頭、一～麵包,,有老人發此字音為kau4，可能是“球”字。
家,[kaː˥],ga1,gaa1,ga,gaa1,加,,,現在：而～，～下,今,
㗎/咖,[kaː˧˥],ga2,gaa2,gả,gaa2,假,,,句末語氣詞：你要話我知先得～（你要告訴我才行啊）,,
㗎/咖,[kaː˧],ga3,gaa3,gá,gaa3,價,,,句末語氣詞，表示陳述：佢好叻～（他很棒的）,,
㗎/咖,[kaː˩],ga4,gaa4,gà,gaa4,價,,,句末語氣詞，表示疑問：你識得佢～？（你認識他的？）,,
鎅/𠝹,[kaːi˧],gai3,gaai3,gái,gaai3,介,,,沿物體表面劃：～玻璃、～紙刀、～親手（割傷手）,界,更準確的說法應是“尖硬物劃傷表面”，因“鋸”是“來回反覆切割”，“切”、“割”都是“一次深割至少埋沒刀刃”。
梘,[kaːn˧˥],gan2,gaan2,gản,gaan2,簡,,,肥皂：番～,,
曱,[kaːt̚˨],gat9,gaat9,gạt,gaat6,加達切,,,與「甴」連用：～甴（蟑螂）,虼,台語寫作「虼蚻」
鉸,[kaːu˧],gau3,gaau3,gáu,gaau3,較,,,通常指兩部分的絞合處：～剪（剪刀）、門～（固定門的折疊處）、甩～（兩骨跟之間的軟骨移位了）,,
嘅,[kɛː˧],gɛ3,ge3,gé,ge3,加瀉切,,,【1】助詞「的」：我～書（我的書）,,
擏,[kɛːŋ˨],gɛŋ6,geng6,gẹng,geng6,加鄭切,,,小心：～住～住噉入去（小心翼翼地進去）、～惜吓啲嘢啦（愛護一下東西吧）,,
喼,[ki:p̚˥],gip7,gip7,gip,gip1,劫陰入,,,裝衣服的箱子，一般指出差旅行用的那種：皮～,篋,
喼,[ki:p̚˥],gip7,gip7,gip,gip1,篋,,,喼汁：調味醬汁，是英語catsup的音譯詞,catsup,
撟,[ki:u˧˥],giu2,giu2,gỉu,giu2,繳,,,擦：～眼淚,,
哥,[kɔː˥],gɔ1,go1,go,go1,歌,,,膝蓋：膝頭～,踝,<!-- 另有本字，待查 -->
嗰,[kɔː˧˥],gɔ2,go2,gỏ,go2,加果切,,,那：～個人、嗰日（那天）,個/箇,
掆,[kɔːŋ˥],gɔŋ1,gong1,gong,gong1,江,,,擡、擧：～住隻碗,,
弶,[kɔːŋ˨],gɔŋ6,gong6,gọng,gong6,加盪切,,,動物身前的鉗子：蟹～（蟹螯）,弶,
𢤹,[kœː˩],gœ4,goe4,gờ,goe4,鋸陽平,,,服氣、呼氣：唔～（不服氣）,,
蠱,[kuː˧˥],gu2,gu2,gủ,gu2,古,,,"【1】動詞，使人迷惑：～惑
【2】形容詞，精乖、古靈精怪、鬼鬼祟祟的：呢個人～～惑惑（這人鬼鬼祟祟的）",,"“蠱”是苗瑤雲貴等地巫師所養之巫用毒蟲，其毒可能有迷幻作用。
“蠱惑”乃動詞表“迷惑他人”，可作定語或謂語。"
攰,[kuːi˨],gui6,gui6,gụi,gui6,加匯切,,,累：返工好～（上班很累），～賴賴,攰/𤿡,
焗,[kʊk̚˨],guk9,guk9,gụk,guk6,局,,,在一個封閉的環境加熱：～飯（燜飯）、翳～（悶熱，不通風）,焅,
攻,[kʊŋ˥],guŋ1,gung1,gung,gung1,工,,,刺鼻：～鼻,,
捐,[kyːn˥],gyn1,gyn1,gưn,gyun1,捐,,,鑽入，穿入，進入：～入去（爬進去）、～褲襠（從胯下爬過）,鑽,
闕,[kyːt̚˨],gyt9,gyt9,gựt,gyut6,加月切,,,一段，一截，一部分：一～～,橛,
鬼,[kʷɐi˧˥],gwɐi2,gwai2,guẳi,gwai2,軌,,,奸邪，內奸：奸～、內～、走～,宄,
簋,[kʷɐi˧˥],gwɐi2,gwai2,guẳi,gwai2,鬼,,,古代盛食物的器具：九大～（形容菜肴非常豐盛），非寫為「九大鬼」,簋,
桂,[kʷɐi˧],gwɐi3,gwai3,guắi,gwai3,貴,,,食用魚：～花魚,鱖,
𥕏,[kʷɐk̚˨],gwɐk9,gwak9,guặk,gwak6,卦特切,,,硬梆梆：硬～～,橛/撅/𥕲/倔,
滾,[kʷɐn˧˥],gwɐn2,gwan2,guẳn,gwan2,袞,,,液體溫度達到沸點而翻騰，溫度高：～水（開水）、水～（水開了）、火～（生氣）,,
掘,[kʷɐn˨],gwɐt9,gwat9,guặt,gwat6,倔,,,短尾：～尾狗；鈍：把刀好～；死胡同：～頭路,屈,
啩,[kʷaː˧],gwa3,gwaa3,guá,gwaa3,卦,,,語氣助詞，類似疑問語氣的「吧」：你會應承～？（你會答應吧？）,,
膼,[kʷaː˥],gwa1,gwaa1,gua,gwaa1,瓜,,,腿、臂的肌肉：腳～、手～,,
摑,[kʷaːk̚˧],gwak8,gwaak8,guák,gwaak3,卦伯切,,,打（耳光）：～幾巴（打幾個耳光）,摑,
躀,[kʷaːn˧],gwan3,gwaan3,guán,gwaan3,慣,,,摔、絆：～低（摔倒）,摜,
刮,[kʷaːt̚˧],gwat8,gwaat8,guát,gwaat3,颳,,,找人：～佢出嚟（找他出來）,,
閪,[hɐi˥],hɐi1,hai1,hăi,hai1,下梯切,南壯：hei,,女性外生殖器；粗口：屌你老母～（草泥馬戈壁）,𡚦,
喺,[hɐi˧˥],hɐi2,hai2,hẳi,hai2,下矮切,,,在：～屋企（在家裡）、～度（在這裏）,係,另見“向”/hoeng2/。
係,[hɐi˨],hɐi6,hai6,hặi,hai6, 系,,,是：我～廣東人、～唔～,係,
扻,[hɐm˧˥],hɐm2,ham2,hẳm,ham2,坎,,,（一般指頭）撞：～頭埋牆（把頭往牆上撞）,磕/撼/扻,
冚,[hɐm˨],hɐm6,ham6,hặm,ham6,陷,,,全，全部：～家（全家），～巴冷（合併）,闔,
恨,[hɐn˨],hɐn6,han6,hặn,han6,下笨切,,,渴望得到：～咗好耐（想要了很久）、好～食（很想吃）,,更準確意義為“冀求”或“渴望得到”，此“恨”字確實有要得到的意味。
亨,[hɐŋ˥],hɐŋ1,hang1,hăng,hang1,鏗,,,敲打：～佢個頭,摼,
鏗,[hɐŋ˥],hɐŋ1,hang1,hăng,hang1,亨,,,臭：臭～～,𣫒,
拫,[hɐŋ˩],hɐŋ4,hang4,hằng,hang4,衡,,,盡、極：風車轉到拫（風車轉得飛快）、油門踩到～（踩盡油門）,,
恰,[hɐp̚˥],hɐp7,hap7,hăp,hap1,洽,,,欺負：～人,掐,
瞌,[hɐp̚˥],hɐp7,hap7,hăp,hap1,恰,,,小睡、打瞌睡：～一陣（小睡一會）、～眼瞓,,
乞,[hɐt̚˥],hɐt7,hat7,hăt,hat1,下不切,,,討人厭：～人憎,忔/乞,
睺/吼,[hɐu˥],hɐu1,hau1,hău,hau1,下歐切,,,"【1】盯、密切監視：睺實佢（盯住他）
【2】趁：～佢唔注意（趁他不注意）",睺/候,"【1】可讀/hau1/或/hau4/。
【2】只讀/hau1/。
"
齁,[hɐu˥],hɐu1,hau1,hău,hau1,下歐切,,,珠江西岸（澳門、珠海、中山等）表示動作完成體，通「咗」，變～，做～,齁,
蝦,[haː˥],ha1,haa1,ha,haa1,哈,北壯：ha [ha:˩˧],,欺負：～人,呵/訶,
蝦,[haː˥],ha1,haa1,ha,haa1,哈,,,嬰兒：臊（蘇）～,孲,
吓,[haː˧˥],ha2,haa2,hả,haa2,下把切,,,疑問語氣詞，表示驚訝，或聼不清楚：～？唔係呀？（哎呀！不是吧？）、～？你講咩啊？,,
吓,[haː˩˧],ha5,haa5,hã,haa5,下馬切,,,結構助詞，表示短暫的動作：嚇～你（嚇你一下）、睇～先（先看一下）,,"既然是“一下”省去“一”，此字應沿用“下”。
陳註：因省「一」，故加口部表其特定之音義。"
揩,[haːi˥],hai1,haai1,hai,haai1,下街切,,,觸碰、沾、染：～油（佔小便宜）、～邊（觸到邊上）,,
嚡,[haːi˩],hai4,haai4,hài,haai4,鞋,,,澀，粗糙：粗～、條脷好～（舌頭很澀）、塊面好～（面很粗糙）,,
喊,[haːm˧],ham3,haam3,hám,haam3,下湛切,,,"【1】哭，注意廣州話不是指大聲叫：～得好淒涼、～苦～忽
【2】大聲驚叫：喊驚。",,
慳,[haːn˥],han1,haan1,han,haan1,下斑切,,,"【1】節省：～錢、～電。
【2】缺：緣慳一面（陰錯陽差沒遇上）。",,
呷,[haːp̚˧],hap8,haap8,háp,haap3,掐,,,雙唇合起地嘗、吃：～醋（吃醋）,,
姣,[haːu˩],hau4,haau4,hàu,haau4,洨,,,風騷、淫蕩：～婆（蕩婦）、發～（發情）,,
迆/迤/hea,[hɛ˧],hɛ3,he3,hé,he3,下借切,,,頹廢，漫不經心：好～，去～,迆/迤,
餼,[hei˧],hei3,hei3,héi,hei3,氣,,,飼養，餵：跪地～豬乸（睇錢份上）,氣,
墟,[hɵy˥],hœy1,hoey1,hơư,heoi1,虛,,,市集：趁～（趕集）、一個～咁嘈（像市集那麽吵鬧）,,
芡,[hin˧],hin3,hin3,hín,hin3,獻,,,烹調時用淀粉（豆粉）加水調成的濃汁：打～,,
獻,[hin˧],hin3,hin3,hín,hin3,憲,,,獻醜於世：～世,現,
㷫,[hɪŋ˧],hɪŋ3,hing3,híng,hing3,慶,,,"【1】未觸碰熱物感到熱氣：啲水好～（水很熱）
【2】激動、生氣：佢對我爆粗，我而家好～（他剛才對我說粗話，我現在很生氣）",焮,kaai2呢？
捺,[naːt̚˧],nat3,naat3,nát,naat3,,,,"【1】觸碰熱物感到燙：啲水好～（水很熱）
【2】挑釁：佢～著我把火",焫,待補完
䁋,[hi:p̚˥],hip7,hip7,hip,hip1,協陰平,,,閉（眼）：～埋眼,,似與“瞌”/hap1/系出同源。
怯,[hi:t̚˥],hit7,hit7,hit,hit1,下必切,,,薄：薄～～,怯,
呵,[hɔː˩],hɔ4,ho4,hò,ho4,河,,,呼氣：～氣,,
響,[hœŋ˦˥],hœŋ2,hoeng2,hởng,hoeng2,享,,,在：～屋企（在家裡）、～度（在這裏）,向,另見“喺”/hai2/。
烘,[hɔːŋ˧],hɔŋ3,hong3,hóng,hong3,下鋼切,,,烤、烘：炕麵包（烤麵包）,炕,
降,[hɔːŋ˩],hɔŋ4,hong4,hòng,hong4,航,,,（刀）等架在脖子上：個賊用把刀～住我條頸,,
曳,[jɐi˩˧],jɐi5,jai5,yẵi,jai5,意米切,北壯：yaez [jɐi˨˩],,淘氣：唔好咁～（別淘氣）,邪/迆/迤,
休,[jɐu˥],jɐu1,jau1,yău,jau1,優,,,整理褲頭：～褲,揄,
幼,[jɐu˧],jɐu3,jau3,yắu,jau3,意究切,,,細：～幼，～麵，～滑,幼,
廿,[jaː˨],ja6,jaa6,yạ,jaa6,意下切,,,二十：今年～嵗、～一世紀,廿,<!-- 漢語中亦有人用「念」作二十，見民國郵票 -->
吔,[jaː˥],ja1,jaa1,ya,jaa1,意鴉切,,,表示驚異或感嘆：哎～！打得少啊你？,,
踹,[jaːi˧˥],jai2,jaai2,yải,jaai2,意解切,,,踩：～死蟻（踩死螞蟻）、～單車（踩/騎自行車）,跆,
,[jaːu˥],jau1,jaau1,,,意交切,,,利手、慣用手：左～（左撇子）、右～（右撇子）,囿,
擪,[jaːp̚˧],jap8,jaap8,yáp,jaap3,意鴨切,,,打的要～吓手（打的要招手）,,
嘢,[jɛː˩˧],jɛ5,je5,yẽ,je5,野,,,東西：搵～（找東西）、乜～（什麽）,者,
膶,[jɵn˧˥],jœn2,joen2,yởn,jeon2,意準切,,,肝臟：鷄～（鷄肝）、豬～（豬肝）,,
膉,[jɪk̚˥],jɪk7,jik7,yik,jik1,益,,,食物（特別是油膩食物）因放置時間長而變質所產生的一種味道：呢啲臘腸好～、一陣油～味（一股變質的油味）,饐,
奄/閹,[ji:m˥],jim1,jim,yim,jim1, 淹,,,挑剔：～憸（尖）,㤿,
掩,[ji:m˧˥],jim2,jim2,yỉm,jim2,魘,,,肋下兩側：小～；蟹腹下表性別之殼：蟹～,厴,
烟,[ji:n˥],jin1,jin1,yin,jin1,胭,,,黏稠，纏綿：～韌（𪏴）,黏/蔫,
躽,[ji:n˧˥],jin2,jin2,yỉn,jin2,演,,,挺：～胸凸肚,,
衒,[ji:n˧˥],jin2,jin2,yỉn,jin2,演,,,炫耀自我：～嘢,,
掖,[ji:p̚˧],jip8,jip8,yíp,jip3,頁,,,～高褲腳（把褲腿卷起來）,,"中山有人讀/aap3/，石岐話（粵語）和隆都話（閩語）都如此讀音。請問是否又讀/aap3/？ // 另有讀/jaap3/者。
陳註：隆都話讀ŋap4。"
醃,[ji:p̚˧],jip8,jip8,yíp,jip3,頁,,,用鹽漬製：～鹹魚，～製,䱒/腌,
鷂,[ji:u˧˥],jiu2,jiu2,yỉu,jiu2,妖,,,紙～（風箏）,,
郁/喐,[jʊk̚˥],juk7,juk7,yuk,juk1,郁,,,動：～手（動手）、咪～（不要動）,搖/逳/㤢,
蓉,[jʊŋ˩],juŋ4,jung4,yùng,jung4,容,,,切成小粒的薑、蒜或如豆沙般的餡：薑～，蒜～，蓮～,茸,
瘀,[jyː˧˥],jy2,jyu2,yử,jyu2,嫗,,,"【1】丟臉，沒臉：好～呀！（好丟臉呀！）
【2】凝滯：隻手～咗（手青了一塊）",窳,
冤,[jyːn˥],jyn1,jyn1,yưn,jyun1,淵,,,極臭：蔫崩爛臭,蔫/𣩙/葾,
𠸉,[kʰɐk̚˥],kɐk7,kak7,kăk,kak1,卡北切,,,高低不平或結巴，犖～,𠸉,
襟,[kʰɐm˥],kɐm1,kam1,kăm,kam1,衿,,,耐：唔～用(不耐用)，～着(耐穿)，～睇(耐看),禁,
襟,[kʰɐm˥],kɐm1,kam1,kăm,kam1,衿,,,對妻子的姊妹之夫的稱呼：老～、～兄,,
冚,[kʰɐm˧˥],kɐm2,kam2,kẳm,kam2,卡砍切,,,覆蓋、蓋：～被（蓋被子）,㔶(ㄈ贛),
扻,[kʰɐm˧˥],kɐm2,kam2,kẳm,kam2,卡砍切,,,打（耳光）：～佢一巴,扻,
妗,[kʰɐm˩˧],kɐm5,kam5,kẵm,kam5,卡頷切,,,舅母：～母,,
骾,[kʰɐŋ˧˥],kɐŋ2,kang2,kẳng,kang2,卡肯切,,,噎住、卡住：食慢啲，咪～親。（慢點吃，不要噎住。）、～親魚骨（卡着魚骨了）,,
扱,[kʰɐp̚˥],kɐp7,kap7,kăp,kap1,吸,,,（從上往下）蓋：～印（蓋章）,蓋,
溝,[kʰɐu˥],kɐu1,kau1,kău,kau1,鳩,,,混合：～埋，水～油（水火不容）,勼,
媾,[kʰɐu˥],kɐu1,kau1,kău,kau1,鳩,,,追求，把，泡：～女，～仔,,
卡,[kʰaː˥],ka1,kaa1,ka,kaa1,其他切,,,偏僻：山～旯（拉）,旮,
騎,[kʰɛː˩],kɛ4,ke4,kè,ke4,卡耶切,,,奇怪、離奇，本字奇離,奇,
企,[kʰei˥],kei2,kei2,kẻi,kei2,卡起切,,,家：屋～,架/裡,
企,[kʰei˩˧],kei5,kei5,kẽi,kei5,卡美切,,,站：～起身（站起來）,徛,
佢,[kʰɵy˩˧],kœy5,koey5,kỡư,keoi5,距,,,他，她，它，牠，祂：～哋（他們）,其/渠,"可作爲""姖""指""她""之意"
㨴,[kʰin˧˥],kin2,kin2,kỉn,kin2,卡顯切,,,揭開，翻開：～起個蓋（揭開蓋）、～咗幾頁（翻了幾頁）,揭/搴,
瓊,[kʰɪŋ˩],kɪŋ4,king4,king,king4,鯨,,,凝固成固體或弄干水分：豬油～咗、～干水（把水分去掉）,,可能是“晾”字，雖然已知“晾”發音為/long6/或/loeng6/，但不排除古人有邊讀邊之後以訛傳訛，又或者保留了古音。
擎,[kʰɪŋ˩],kɪŋ4,king4,kìng,king4,鯨,,,受驚或受挫而目瞪口呆：眼～～,瞏,
巧,[kʰi:u˧˥],kiu2,kiu2,kỉu,kiu2,轎,,,"【1】巧合：有咁啱得咁～（說多巧有多巧）
【2】秘訣：～妙",,
翹,[kʰi:u˧˥],kiu2,kiu2,kỉu,kiu2,轎,,,繞口：～口,,
繑,[kʰi:u˩˧],kiu5,kiu5,kĩu,kiu5,卡了切,,,纏繞：啲綫～住咗（綫相互纏住了）,,
搉,[kʰɔːk̚˥],kɔk7,kok7,kok,kok1,毃,,,"【1】敲：～頭殼（敲腦袋）
【2】象聲詞：～～聲",殼/磕/搉,
蔃,[kʰœːŋ˩˧],kœŋ5,koeng5,kỡng,koeng5,襁,,,粗根：有根有～,,
昆,[kʷʰɐn˥],kwɐn1,kwan1,kuăn,kwan1,坤,,,欺騙：俾人～（被騙）,𧥺/謴,
緄,[kʷʰɐn˧˥],kwɐn2,kwan2,kuẳn,kwan2,菌,,,圍繞：手指～晒黑邊（手指甲很髒）,,
纊,[kʷʰɐŋ˧],kwɐŋ3,kwang3,kuắng,kwang3,逛,,,絆、碰：唔小心～到個花樽,,
壞,[kʷʰaːi˩],kwai4,kwaai4,kuài,kwaai4,跨捱切,,,壞，不良：～仔（不良少年）,獪,
捩,[lɐi˧˥],lɐi2,lai2,lẳi,lai2,戾,,,轉：～手掟咗佢（轉過手就扔掉它）,,
𡅏,[lɐi˧˥],lɐi2,lai2,lẳi,lai2,捩,,,歪曲、冤枉：～橫折曲（顛倒是非黑白）、冤～（冤枉），狼～，睏～頸,戾,
嚟,[lɐi˩],lɐi4,lai4,lằi,lai4,黎,,,來：過～、行～行去（走來走去）,來,
厲,[lɐi˨],lɐi6,lai6,lặi,lai6,麗,,,怒目而視：眼～～,𧢮,
甩,[lɐk̚˥],lɐk7,lak7,lăk,lak1,了北切,,,高低不平或結巴，～确,犖,
簕,[lɐk̚˨],lɐk9,lak9,lặk,lak6,勒,,,刺：玫瑰花好多～,,
冧,[lɐm˥],lɐm1,lam1,lăm,lam1,了庵切,,,甜蜜：好～、～女（哄女孩子）,啉,
冧,[lɐm˧],lɐm3,lam3,lắm,lam3,了暗切,,,倒：撞～（撞倒）、～樓（樓房倒塌）,,壯傣底層 /lom/
冧,[lɐm˨],lɐm6,lam6,lặm,lam6,了憾切,,,堆起，連續：～起啲積木（堆起積木）、～莊（連莊）,,
撚/𨶙,[lɐn˦˥],lɐn2,lan2,lẳn,lan2,了品切,,,男性生殖器，引申為罵人語，粗俗語氣助詞：含～，～樣，好～熱,𡳞,本字存疑，來源請求
掕,[lɐŋ˧],lɐŋ3,lang3,lắng,lang3,了凳切,,,"【1】阻礙、拖累：佗手～脚
【2】量詞，形容數目眾多的一堆東西：一搊二～（手上提滿東西）、一～鎖匙",,
笠,[lɐp̚˥],lɐp7,lap7,lăp,lap1,了急切,,,帽子、覆蓋物：～衫（過頭穿的衣服）、執～（破產）,,
甩,[lɐt̚˥],lɐt7,lat7,lăt,lat1,了不切,,,脫：～手（脫手）、～褲（褲不小心掉下來）、～底（放鴿子）,,
褸,[lɐu˥],lɐu1,lau1,lău,lau1,摟,,,"【1】大衣：皮～（皮大衣）
【2】披大衣：～返件衫啦（披上大衣吧）",,
嘍,[lɐu˧],lɐu3,lau3,lắu,lau3,褸,,,逗，主動招惹：～佢講嘢,,
罅,[laː˧],la3,laa3,lá,laa3,喇,,,隙：鑽窿鑽～（到處鑽）,,"可作爲""嚹""
"
喇,[laː˧],la3,laa3,lá,laa3,罅,,,助詞，相當於「了」：我識做～（我懂得怎樣做了）,,
哪/揦,[laː˩˧],la5,laa5,lã,laa5,了也切,,,（手段）骯髒：好～䕢（渣），～䕢手段,藞,
孻,[laːi˥],lai1,laai1,lai,laai1,拉,,,最後的一個：～仔（最小的兒子）、～屘（倒數第一）,雡/鷚,
瀨,[laːi˧˥],lai2,laai2,lải,laai2,了擺切,,,舔：～一下，～嘢（中招）,舐,
賴,[laːi˩],lai4,laai4,lài,laai4,了柴切,,,累：攰～～,矋,
攋,[laːi˨],lai6,laai6,lại,laai6,賴,,,漏了：～低條鎖匙（漏了帶鑰匙）,落,
瀨,[laːi˨],lai6,laai6,lại,laai6,賴,,,不能控制地大小便：～尿,攋,
瀨,[laːi˨],lai6,laai6,lại,laai6,賴,,,圓條狀粗米粉：～粉,酹,
勒,[laːk̚˥],lak7,laak7,lạk,laak,了啪切,,,能言善辯，流利：～～聲,𡁆,
嘞,[laːk̚˧],lak8,laak8,lák,laak3,了百切,,,助詞，相當於「了」，一般表示肯定或有把握：我識做～（我懂得怎樣做了）,,
攬,[laːm˧˥],lam2,laam2,lảm,laam2,了慘切,,,擁抱：～身～勢,𢪈,
檻,[laːm˧],lam3,laam3,lám,laam3,,,,跨過：大步～過,躐,
躝,[laːn˥],lan1,laan1,lan,laan1,了慳切,,,爬：啲蟲躝嚟躝去、～出去！（滾出去！）,,
唥,[laːŋ˥],laŋ1,laang1,lang,laang1,了框切,,,象聲詞：～～聲、～鐘（鬧鐘）,鋃/alarm,
擸,[laːp̚˧],lap8,laap8,láp,laap3,了鴨切,,,順手地抓、拿：～～埋埋一大堆（收刮了不少東西）、～住佢隻手（順手捉住他的手）,,
䁽,[laːp̚˧],lap8,laap8,láp,laap3,擸,,,短時間地看一下，驟看上去：～吓眼、～到佢喺附近（瞥見他在附近）,,
邋,[laːt̚˨],lat9,laat9,lạt,laat6,辣,,,骯髒：～遢,邋,
迾,[laːt̚˨],lat9,laat9,lạt,laat6,辣,,,行：一～樹,,
撈,[laːu˧˥],lau2,laau2,lảu,laau2,了吵切,,,麻煩，凌亂：～攪（lau2）,摎,本讀lau4，亦常用
呢,[lɛ˥],lɛ1,le1,le,le1,了爹切,,英文,英文level首音節之音譯字，等級：升～（升級），高～（高級）,level,
脷,[lei˨],lei6,lei6,lẹi,lei6,利,,,舌頭：豬脷（豬舌頭）,,
叻,[lɛːk̚˥],lɛk7,lek7,lek,lek1,了踢切陰入,,,聰明、能幹：你眞係～（你眞行）、～仔（聰明能幹的小伙子）,犖,
舐/lem,[lɛːm˧˥],lɛm2,lem2,lẻm,lem2,了黯切轉啡母,,,舔：～雪糕，～～脷（好味道）,𦧷,"可作爲""舔"""
𡃁,[lɛːŋ˥],lɛŋ1,leng1,leng,leng1,靚陰平,,,小子，有時有看不起人的意思：～仔，～模（嫩模，少女模特兒）,𨈓/僆,
靚,[lɛːŋ˧],lɛŋ3,leng3,léng,leng3,了鏡切,,,美、好：～女（美女）、～仔（俊男）、心情好靚（心情很好）,令/靚,
擂,[lɵy˥],lœy1,loey1,lơư,leoi1,了居切,,,跌倒，倒下：～低,𨀤,
噒,[lɵn˥],lœn1,loen1,lơn,leon1,了樽切,,,用口吸或啃乾淨骨頭周圍的肉，有時也可用於其它食物：～鷄脚、～骨,,"亦有讀作“噒”/leon2/。
另可討論“吮”/syun2/與“噒”/leon2/的差異。"
論,[lɵn˨],lœn6,loen6,lợn,leon6,吝,,,行動不靈活，行事不爽利：～盡（源自龍鍾或踉蹌）,龍/踉,
鍊,[liːn˩˧],lin5,lin5,lĩn,lin5,鏈,,,掐，按，握：～住條頸，～骨，～實,摙,
拎,[lɪŋ˥],lɪŋ1,ling1,ling,ling1,了英切,,,拿、取：～畀我（拿來給我）,,
𨋢,[liːp̚˥],lip7,lip7,lip,lip1,獵陰入,,,音譯自英文lift，電梯,lift,
纈,[li:t̚˧],lit8,lit8,lít,lit3,了結切,,,結：打死～（打死結）,,
撩,[li:u˥],liu1,liu1,liu,liu1,了腰切,,,用細長的東西挖：～鼻屎（挖鼻屎）、～牙（用牙籤剔除牙垢）,,
鷯,[li:u˥],liu1,liu1,liu,liu1,了腰切,,,～哥（八哥鳥）,,
撩,[li:u˧˥],liu2,liu2,lỉu,liu2,了繞切,,,用細長的東西攪拌：～吓杯咖啡（攪拌一下咖啡）,,
撩,[li:u˩],liu4,liu4,lìu,liu4,燎,,,惹：～是鬥非（惹是生非）、～佢講也嘢（逗他説話）,,
囉,[lɔː˥],lɔ1,lo1,lo,lo1,了波切,,,語氣詞，表示粵語獨有的一種陳述或感嘆語氣：做咪做～（做就做唄，有點不情願）、咁咪係～（那不就是嘛！）,,
攞,[lɔː˧˥],lɔ2,lo2,lỏ,lo2,裸,,,拿：～錢（取錢）、～住（拿着）,,
咯,[lɔː˧],lɔ3,lo3,ló,lo3,了播切,,,句末助詞，表示祈使邀請或肯定陳述語氣：陪我去行街～。（陪我逛街吧）今次大鑊～。（這次大件事了）,,
囉,[lɔː˩],lɔ4,lo4,lò,lo4,羅,,,語氣詞，表示粵語獨有的一種陳述語氣：佢話你唔啱～（他說你不對呀，稍微強調使他說的）,,
𦧲,[lœː˧˥],lœ2,loe2,lở,loe2,了靴切陰上,,,費盡唇舌請求、哀求：扭計～買嘢,,
𦧲,[lœː˥],lœ1,loe1,lơ,loe1,了靴切,,,,,
掠,[lœːk̚˥],lœk7,loek7,lơk,loek1,略陰入,,,佔便宜，榨取金錢：～水,略,
落,[lɔːk̚˥],lɔk7,lok7,lok,lok1,了剝切,,,脫：～你棚牙！（令你啞口無言）,落/㓢,
狼,[lɔːŋ˥],lɔŋ1,long1,long,long1,了幫切,,,蠻橫無理，抓狂：～戾,狼,
狼,[lɔːŋ˩],lɔŋ4,long4,lòng,long4,郎,,,狠、貪婪：佢打交好～（他打架很狠）、食飯好～（吃飯狼吞虎咽的貪婪樣子）,,"據傳聞源於舊時黑話，將“狠”讀作“狼”。
陳註：亦有可能將狼名詞作形容詞用，或狼戾之省。"
晾,[lɔːŋ˨],lɔŋ6,long6,lọng,long6,浪,,,～衫（晾衣服）、～蚊帳（掛蚊帳）,,懷疑是母音變異的結果。
撈,[lou˥],lou1,lou1,lou,lou1,嚕,,,鍋底的黑灰：鑊～,黸,
佬,[lou˧˥],lou2,lou2,lỏu,lou2,了寶切,,,對成年男人的稱呼，通常帶有不尊重的意味：肥～（胖子）、差～（警察）、外省～（外省人）,,
噜,[lou˧],lou3,lou3,lóu,lou3,了澳切,,,代詞，有「那」的意思：又呢又～（又這又那），現在較為少用,,
轆,[lʊk̚˥],luk7,luk7,luk,luk1,麓,,,"【1】名詞「輪子」：車～
【2】動詞「轉輪狀物、滾動」：個波喺度～（球在滾）、部車～過去（車的輪子從上面滾過）",轆,
睩,[lʊk̚˥],luk7,luk7,luk,luk1,麓,,,瞪：～大眼（瞪大眼）、眼～～（眼球圓瞪瞪的樣子）,睩,
碌,[lʊk̚˥],luk7,luk7,luk,luk1,麓,,,量詞，一大根：一～木（一根木頭）、一～葛（形容笨）,,粗圓柱體之量詞。
淥,[lʊk̚˨],luk9,luk9,lụk,luk6,錄,,,用熱水或熱的液體燙：～吓筷子（燙一下筷子消毒）、～吓啲菜（那些菜滾一下）、滾水～腳、畀熱水～親,略,
窿,[lʊŋ˥],luŋ1,lung1,lung,lung1,了工切,,,洞，孔穴：穿～（穿了洞）、鑽[gyun1]～鑽[gyun1]罅（到處去）,竉,
攣,[lyːn˥],lyn1,lyn1,lưn,lyun1,了冤切,,,不直、曲：～毛（卷曲頭髮）,,
捋,[lyːt̚˧],lyt8,lyt8,lứt,lyut3,劣,,,手握着東西向一端抹：～高衫袖、～鬍鬚,,
唔,[m̩˩],m4,m4,m̀,m4,呣陽平,,,不：～好、～得、～緊要（不要緊）,無/毋,
咪,[mɐi˥],mɐi1,mai1,măi,mai1,麻低切,,,用神看（書）、溫習或學習：～書,䀛/冞,
咪,[mɐi˩˧],mɐi5,mai5,mẵi,mai5,米,,,不要，別：你～理（你別管）、～嘈（別吵）,勿,
咪,[mɐi˨],mɐi6,mai6,mặi,mai6,麻魏切,,,就：噉～啱囉（這樣就對了）、～係囉（就是嘛）,,
嘜,[mɐk̚˥],mɐk7,mak7,măk,mak1,麻北切,,,"標記、商標，來源於英文mark：～頭（商標）
",mark,
嘜,[mɐk̚˥],mɐk7,mak7,măk,mak1,麻北切,,,量詞「杯、小勺」，源自英文mug：一～米（一勺杯米）,mug,
癦,[mɐk̚˧˥],mɐk2,mak2,mẳk,mak2,墨,,,痣：～屎（皮膚下的多顆小痣）,,
文,[mɐn˥],mɐn1,man1,măn,man1,蚊,,,元：一～（一元錢）,,
炆/燜,[mɐn˥],mɐn1,man1,măn,man1,蚊,,,燜：～牛腩,熅,
抆,[mɐn˧˥],mɐn2,man2,mẳn,man2,麻僅切,,,把東西抹去，或填平：～屎（擦屁股）、～啲石灰上去（用石灰來填平）,,
問,[mɐn˧],mɐn3,man3,mắn,man3,麻趁切,,,時間緊迫：時間好～,瀕/晚,
問,[mɐn˨],mɐn6,man6,mặn,man6,問,,,微裂，出現裂紋：打爛砂盆～到㞘（打破砂盆問到底）,璺,
䁅,[mɐŋ˥],mɐŋ1,mang1,măng,mang1,麻鶯切,,,黑漆漆：黑～～,鼆,
掹,[mɐŋ˥],mɐŋ1,mang1,măng,mang1,麻鶯切,,,拉，扯：～衫尾（扯着衣服下沿）,扳/挽,
掹,[mɐŋ˥],mɐŋ1,mang1,măng,mang1,麻鶯切,,,粉刺：～痏/枅（掹雞）,䫤,
掹,[mɐŋ˥],mɐŋ1,mang1,măng,mang1,麻鶯切,,,皺：䩌～～,絣,
𢛴,[mɐŋ˧˥],mɐŋ2,mang2,mẳng,mang2,麻等切,,,發脾氣：～憎（䁅盯）,懞/䁅,
盟,[mɐŋ˩],mɐŋ4,mang4,mằng,mang4,萌,,,迂腐，守舊：～塞,㒼,
乜,[mɐt̚˥],mɐt7,mat7,măt,mat1,麻不切,,,什麽：～名（什麼名）、～嘢（什麽東西）,ム/某/物,
踎,[mɐu˥],mɐu1,mau1,mău,mau1,麻歐切,,,蹲：～蹲（喻失業）、～街（不雅地蹲在街上）、～塔（蹲在馬桶上）,貓,
孖,[maː˥],ma1,maa1,ma,maa1,媽,,,雙的：～仔（孿生兒子）、打～嚟（兩個一起來）,,
嫲,[maː˩],ma4,maa4,mà,maa4,麻,,,奶奶：阿～、太～（曾祖母）,,"是否與“嬤”為互為異體字？
陳註：閩語作「嬤」。"
馬,[maː˩˧],ma5,maa5,mã,maa5,瑪,,,機靈黠慧：鬼～,衇,
埋,[maːi˩],mai4,maai4,mài,maai4,麻捱切,,,"【1】助詞，表示連同一齊做某件事：等～我啊！（等等我！）、同～（連同）、做～啲嘢先（先做完這些東西）
【2】收起：～單（結賬）",埋,
擘/掰,[maːk̚˧],mak8,maak8,mák,maak3,麻伯切,,,張開、張大：～大口（張開口）、～開手臂（張開手臂）,擘,
摱,[maːn˥],man1,maan1,man,maan1,麻班切,,,把門拉著，不讓它關上：～住度門,輓/挽,
摱,[maːn˥],man1,maan1,man,maan1,麻班切,,,瀕臨邊緣，搭順風車，抓著突出物爬：～車邊，～住上,攀/扳,
彎,[maːn˥],man1,maan1,man,maan1,麻班切,,,拉弓：～弓搭箭,彎,
蜢,[maːŋ˩˧],maŋ5,maang5,mãng,maang5,猛,,,蝗蟲：草～、瘦到隻～噉,,
貓,[maːu˥],mau1,maau1,mau,maau1,貓,北壯語：mau [ma:u˧˥],,醉，不省人事：佢飲到～咗,,
茅,[maːu˩],mau4,maau4,màu,maau4,矛,,,狡詐：好～，打～波（ball），～躉（毛蛋）,毛,"“茅”字用法有傳源於【茅山術】。
陳註：此處取茅躉源自官話毛蛋。"
咩,[mɛː˥],mɛ1,me1,me,me1,孭,,,"【1】什麽，與「乜」同：～事（什麽事）
【2】句末語氣助詞「嗎」：你重唔知道～？（你還不知道嗎？）、好叻～？（很了不起嗎？）",,
孭,[mɛː˥],mɛ1,me1,me,me1,咩,,,揹：～書包、～仔,負,
渳,[mei˥],mei1,mei1,mei,mei1,麻悲切,,,用唇舌輕嚐飲品、小口喝：～茶,渳,
屘,[mei˥],mei1,mei1,mei,mei1,麻悲切,,,最後，倒數：～二（倒數第二）、孻～（最後）,,
溦,[mei˥],mei1,mei1,mei,mei1,麻悲切,,,表示小：雨～（很細的雨）,,
眯,[mei˥],mei1,mei1,mei,mei1,麻悲切,,,眼睛微閉：～埋眼（合上眼）,䀛/眯,
未,[mei˨],mei6,mei6,mẹi,mei6,味,,,潛水：～水,沕/沒,
搣,[miːt̚˥],mit7,mit7,mit,mit1,麻必切,,,用手指捏：～人～到好痛,搣,
嚤,[mɔː˥],mɔ1,mo1,mo,mo1,摩,,,緩慢、拖拉：佢行得好～（他走得很慢）、動作好～（動作拖拉）,,
冇,[mou˩˧],mou5,mou5,mõu,mou5,武,,,沒有：～事（沒事）、～錢、～得傾（沒得商量）,無,
梅,[muːi˩],mui4,mui4,mùi,mui4,枚,,,（豬牛）背脊肉：～肉,脢,
懵,[mʊŋ˧˥],muŋ2,mung2,mủng,mung2,麻湧切,,,腦筋不清醒：～懂（糊塗）、～盛盛（糊糊塗塗的）,,
矇,[mʊŋ˩],muŋ4,mung4,mùng,mung4,蒙,,,糊里糊塗：～查查,夢,
冧,[nɐm˥],nɐm1,nam1,năm,nam1,那庵切,,英語,數字：～巴（號碼）、靚～（好號碼）,number,
諗,[nɐm˧˥],nɐm2,nam2,nẳm,nam2,那黯切,北壯：naemj [nɐm˥],,想：～計（想辦法）、～唔明（想不明白）,恁,本字日母
腍,[nɐm˩],nɐm4,nam4,nằm,nam4,那林切,北壯：naemz [nɐm˨˩],,"【1】柔軟：啲牛腩炆得好～（牛腩煮得很軟了）、笪地好～（这块地很松软）
【2】脾氣很好：～善（脾氣溫和）",飪,本字解熟，無軟義。壯語聲韻調義全同。
淰,[nɐm˨],nɐm6,nam6,nặm,nam6,那任切,,,濕透：淋到成身濕到～（淋得渾身濕透）,,
稔,[nɐm˨],nɐm6,nam6,nặm,nam6,那任切,,,熟睡：睏得～,稔,
冧,[nɐm˨],nɐm6,nam6,nặm,nam6,那任切,,,多油：油～～，肥～～,𦛚/淰,
撚,[nɐn˧˥],nɐn2,nan2,nẳn,nan2,那品切,,,撚手（看家的）、撚手菜（最擅長做的菜）,,“撚”較精準的意思為“用手指頭玩弄”，如“撚雀”，由此引申出“撚化”（作弄別人）、“撚手”（用手指頭的功夫就能做出的，形容極度熟練）。
納,[nɐp̚˨],nɐp9,nap9,nặp,nap6,那及切,,,黏稠，手腳慢：黐～～，～糯,䵒/䵑/𥹉,
納,[nɐp̚˨],nɐp9,nap9,nặp,nap6,那及切,,,濕：濕～～,納,
嬲,[nɐu˥],nɐu1,nau1,nău,nau1,那歐切,,,生气：發～、～爆爆（氣呼呼）,,
膩,[nɐu˨],nɐu6,nau6,nặu,nau6,那逗切,,,"【1】膩、滞：食到～（吃膩了）、快手啲
【2】動作慢：咪咁～（別磨蹭）注：亦可用「腬」字",,
乸,[naː˧˥],na2,naa2,nả,naa2,那把切,,,母的、雌性：老虎～、豬～,乸,
嗱,[naː˩],na4,naa4,nà,naa4,拿,,,語氣詞，用於強調已出現的情況或語言：～，你講嘅。（這是你說的）、～係咪呢！（你看，這就見效了）,,
揇,[naːm˧],nam3,naam3,nám,naam3,那杉切,,,長度單位，手掌張開，拇指跟食指盡量遠離，此時拇指尖到食指尖的距離為「揇」：個窗有一～咁長,,"中山閩語隆都話將此音意取字作“拿”/naa4/。
陳註：印象中隆都話無此字音。
另有讀音為/naam3/的粵語字，意思是“邁步”或“邁步的幅度”。"
腩,[naːm˩˧],nam5,naam5,nãm,naam5,那覽切,,,肚子上的肥肉：肚～、魚～（魚肚子上白色的肥肉）,䑋,
赧,[naːn˧],nan3,naan3,nán,naan3,那晏切,,,紅腫塊，通常會痕癢：蚊～（被蚊蟲咬致的紅腫塊）、生～,,
匿,[nei˥],nei1,nei1,nei,nei1,那悲切,,,躲、藏：～埋（藏起來）、伏～～（捉迷藏遊戲）,匿,
搦/扐,[nɪk̚˥],nɪk7,nik7,nik,nik1,匿,,,拿在手中，提：～住個袋（拿着袋）、～住本書,搦,
棯,[niːm˥],nim1,nim1,nim,nim1,拈,,,山～乾,,
撚,[niːn˧˥],nin2,nin2,nỉn,nin2,那扁切,,,用手指鉗緊：～住条頸（卡住咽喉）,,
挼,[nɔː˩],nɔ4,no4,nò,no4,挪,,,揉搓：～乾淨件衫（把衣服搓乾淨）,,
浪,[nɔːŋ˨],nɔŋ6,nong6,nọng,nong6,那蕩切,,,開～褲：開襠褲,𧟘,
燶,[nʊŋ˥],nuŋ1,nung1,nung,nung1,那公切,,,燶飯（焦飯）,,
吟,[ŋɐm˩],ŋɐm4,ngam4,ngằm,ngam4,悟沉切,,,吟吟沉沉（不停地自言自語）,,
扲,[ŋɐm˩],ŋɐm4,ngam4,ngằm,ngam4,悟沉切,,,掏、摸：～荷包（掏錢包），～錢,撢,
韌,[ŋɐn˨],ŋɐn6,ngan6,ngặn,ngan6,悟刃切,,,"【1】柔軟又結實，受外力作用時，雖然變形而不易折斷，與「脆」相對：～皮（頑皮）、牛肉煮老咗好～（牛肉煮過時間會很難咬開）
【2】煙～（形容兩戀人如漆似膠的甜蜜樣子）",𪏴/䵑,
岌,[ŋɐp̚˨],ŋɐp9,ngap9,ngặp,ngap6,悟及切,,,搖，一般指上下摇晃：～頭（點頭）、～～貢（搖搖晃晃）,䑥/䑪,
扤,[ŋɐt̚˨],ŋɐt9,ngat9,ngặt,ngat6,悟日切,,,搖動：～凳,扤,
吽,[ŋɐu˨],ŋɐu6,ngau6,ngặu,ngau6,悟逗切,,,與「哣」連用：發～哣（發呆）,,
掗,[ŋaː˨],ngaa,ngaa6,ngạ,ngaa6,悟罷切,,,佔（地方）：～拃（佔地方，引申為霸道）、～住各位（霸着那位置）,,
顏,[ŋaːn˩],ŋan4,ngaan4,ngàn,ngaan4,悟閒切,,,磨：～碎,研,
餲,[ŋaːt̚˧],ŋat8,ngaat8,ngát,ngaat3,壓,,,臭（通常指帶有尿味）：個廁所好～。,餲,
壓,[ŋaːt̚˨],ŋat9,ngaat9,ngạt,ngaat6,悟辣切,,,磨（牙）：～牙,齧,
兀,[ŋɛːt̚˨],ŋɛt9,nget9,ngẹt,nget6,迄轉嘅母,,,年老：老～～,悈,gaai3呢？
𩓥,[ŋɔːk̚˨],ŋɔk9,ngok9,ngọk,ngok6,岳,,,抬頭：頭～～（頭沒目的地抬着）、～高頭,卬/昂/仰,
戇,[ŋɔːŋ˨],ŋɔŋ6,ngong6,ngọng,ngong6,悟盪切,,,愚鈍，笨呼呼的：～居（笨、不知變通）,戇,
批,[pʰɐi˥],pɐi1,pai1,păi,pai1,破雞切,,,削：～蘋果,𠜱,
匹,[pʰɐt̚˥],pɐt7,pat7,păt,pat1,疋,,,濃香：香～～,馞,
抨/烹,[pʰaːŋ˥],paŋ1,paang1,pang,paang1,破撐切,,,打將出去，赶出去：～佢扯,㧸/抨,
烹,[pʰaːŋ˥],paŋ1,paang1,pang,paang1,抨,,,盛飯容器，多為金屬：飯～,㼞/pan,
坺,[pʰaːt̚˨],pat9,paat9,pạt,paat6,破達切,,,堆、團，通常指糊狀物：一～牛屎（一堆牛糞），一～奶油,,可發音爲pet6
炮,[pʰaːu˧],pau3,paau3,páu,paau3,豹,,,車大～（說大話騙人）、大～佬（專說大話的人）,奅,
披,[pʰei˥],pei1,pei1,pei,pei1,丕,,,器物磨損：～邊,𢻹,
紕,[pʰei˥],pei1,pei1,pei,pei1,丕,,,衣物起毛、鬆散：～邊，～口,紕,
擗,[pʰɛːk̚˨],pɛk9,pek9,pẹk,pek6,破劇切,,,扔：～咗啲爛嘢（把破爛東西扔掉）、～炮唔撈（扔下槍不幹，指警察辭職不干）,撲,
凭,[pʰɛːŋ˥],pɛŋ1,peng1,peng,peng1,破廳切,,,依靠，靠背：椅～,凭,
樖,[pʰɔː˥],pɔ1,po1,po,po1,破柯切,,,量詞，「株」、「棵」：一～樹（一棵樹），一～菜（一棵菜）,,
抱,[pʰou˩˧],pou5,pou5,põu,pou5,破老切,,,（兒）媳婦：新～,婦,
蒲,[pʰou˩],pou4,pou4,pòu,pou4,葡,,,"【1】出現，露面：～頭（露面）
【2】混，玩：今晚去邊～？（今晚去哪裡混？）、最近好少去～。（最近很少出去玩了）",浮,
噬,[sɐi˨],sɐi6,sai6,sặi,sai6,誓,,,咬：一啖～過嚟,噬,
糝,[sɐm˧˥],sɐm2,sam2,sẳm,sam2,審,,,撒少量粉末狀東西於某物上：～啲鹽落去（撒點兒鹽下去）,,
擤,[sɐŋ˧],sɐŋ3,sang3,sắng,sang3,是凳切,,,按住鼻孔出氣，借以排出鼻腔內的粘液：～鼻涕,,
挲,[saː˧],sa3,saa3,shá,saa3,是阿切,,,張開：～開,閯,
嘥,[saːi˥],sai1,saai1,sai,saai1,是猜切,,,"【1】浪費：～錢、～電
【2】挖苦，奚落：～人哋（挖苦別人）",㩄、漇,
晒/哂,[saːi˧],sai3,saai3,saái,saai3,曬,,,句未助詞，表示動作完成徹底或程度深，完全，全部：食～（吃光）、夠～（完全足够了）、唔該～（非常感謝）,漇,可作爲晒或嗮
閂,[saːn˥],san1,saan1,shan,saan1,山,,,關：～門、～水喉,,
散,[saːn˧˥],san2,saan2,sán,saan2,是板切,,,油炸食品：蛋～,饊,
潺,[saːn˩],san4,saan4,shàn,saan4,孱,,,滑，且帶粘液狀：滑～～（滑溜溜）、～菜（一種蔬菜）,,
孱,[saːn˩],san4,saan4,shàn,saan4,潺,,,軟弱體質差：～弱書生（弱不禁風的書生）、～仔（軟弱的傢伙）,,
渻,[saːŋ˧˥],saŋ2,saang2,shảng,saang2,省陰上,,,洗刷，漂亮：～乾淨，～鏡,摤/搡,
霎,[saːp̚˧],sap8,saap8,sáp,saap3,圾,,,眨眼：～眼，～下吓眼（引伸為轉眼間）,䀹,
烚/熠,[saːp̚˨],sap9,saap9,sạp,saap6,是習切,,,涮：～牛肉,煠,
潲/餿,[saːu˧],sau3,saau3,sháu,saau3,哨,,,一種豬飼料，用泔水、米糠、野菜、剩飯等煮成：豬～,滫,
睄,[saːu˩],sau4,saau4,shàu,saau4,是肴切,,,偷偷瞧：～佢幾眼（瞧他幾眼）,睄,
錫,[sɛːk̚˧],sɛk8,sek8,sék,sek3,錫,,,"【1】愛護，疼愛：好～你（很疼你）、愛～
【2】親：～一啖（親一口）",惜,
聲,[sɛːŋ˥],sɛŋ1,seng1,sheng,seng1,是𡃁切,,,小心，好好地：好～行（好生行走）,生,
筍,[sɵn˧˥],sœn2,soen2,sởn,seon2,栒,,,好東西：～嘢（好東西）、～盤（好樓盤）,郇,
筍,[sɵn˧˥],sœn2,soen2,sởn,seon2,栒,,,腦門，嬰兒頭骨未合處：腦～,囟,
恤,[sɵt̚˥],sœt7,soet7,sơt,seot1,摔,,,～衫（衬衣）,,
屍,[siː˥],si1,si1,shi,si1,斯,,,打嗝：打～噎,𤺊,
絲,[siː˥],si1,si1,si,si1,斯,,,下雨狀：落雨～雭（濕）,𩆵/𩅰,
豉,[siː˨],si6,si6,shị,si6,氏,,,豆豉：～油（醬油）、～椒排骨（一道廣東菜）,,
蝕,[sɪk̚˨],sɪk9,sik9,shịk,sik6,舌,,,虧、損：～本（虧本）、鞋底磨～晒（鞋底磨平了）,,
跣,[siːn˧],sin3,sin3,sín,sin3,線,,,滑倒：～親,偃,
騸,[siːn˧],sin3,sin3,shín,sin3,扇,,,閹割：～雞,騸,
星,[sɪŋ˥],sɪŋ1,sing1,sing,sing1,升,,,摑：㨮𢃳～（俗字：兜巴～）,膺,
攝,[siːp̚˧],sip8,sip8,síp,sip3,涉,,,插入：～位,𤗈,
嗍,[sɔːk̚˧],sɔk8,sok8,sók,sok3,朔,,,吸（液體或氣體）：～一啖可樂（吸一口可樂）、～氣（喘氣）、～白粉,,
索,[sɔːk̚˧],sɔk8,sok8,sók,sok3,朔,,馬來文：shiok,靚、美貌：～女（美女）,（無）,原自星加坡俚語。
喪,[sɔːŋ˧],sɔŋ3,song3,sóng,song3,是放切,,,超級，極度，亦用於諢名：～熱，～彪,喪,
瀡,[sœː˩],sœ4,soe4,sờ,soe4,是靴切陽平,,,滑：～滑梯,,
餸,[sʊŋ˧],suŋ3,sung3,súng,sung3,送,,,"【1】下飯的菜：煮咗五味～（煮了五道菜）
【2】伴着吃，使某樣食物更好入口：鹹菜～粥（咸菜伴着粥吃）、糖果～藥",饡/送,
處,[syː˧],sy3,syu3,shứ,syu3,恕,,,地方、處所：邊～（哪裏）、嗰～（那裡，那兒）,,
損,[syːn˧˥],syn2,syun2,sửn,syun2,選,,,傷破，一般指輕傷：～手爛腳（手傷腳破）,,
𠽌,[syːt̚˥],syt7,syut7,sưt,syut1,雪陰入,,,"【1】象聲詞，形容快：部車～一聲開過
【2】雪白：白～～",,"同樣意思亦有/soet4/或/soet2/音。（注意不是讀/seot4/。）
陳註：【1】義又可讀syt2"
睇,[tʰɐi˧˥],tɐi2,tai2,tẳi,tai2,體,,,看：～書（看書）、～水（把風）,睇/睼,
𠱁,[tʰɐm˧],tɐm3,tam3,tắm,tam3,他暗切,,,哄：～細路、～女仔,啗/餤/啖,
氹,[tʰɐm˩],tɐm4,tam4,tằm,tam4,他吟切,,,團團轉：～～轉,𧽼,
氹,[tʰɐm˩˧],tɐm5,tam5,tẵm,tam5,他凜切,,,坑：水～（水坑）、～仔（小坑）,窞,
褪,[tʰɐn˧],tɐn3,tan3,tắn,tan3,他趁切,,,移、挪：～過啲（挪過一點）、～後（往後移）,褪,
騰,[tʰɐn˩],tɐn4,tan4,tằn,tan4,他陳切,,,胖乎乎：肥～～,豚,
唞,[tʰɐu˧˥],tɐu2,tau2,tẳu,tau2,他嘔切,,,"【1】休息：早～（晚安）、～涼（乘涼）
【2】呼吸：～氣（喘氣、呼吸）",埱/透,
呔,[tʰaːi˥],tai1,taai1,tai,taai1,他猜切,,,tyre的音譯，車胎：車～、爆～,tyre,
軚,[tʰaːi˩˧],tai5,taai5,tãi,taai5,他買切,,,汽車的方向盤：～盤（方向盤）、打～（打方向盤）,舵/柁/杝,
燂,[tʰaːm˩],tam4,taam4,tàm,taam4,談,,,用火在表面輕微地燒：～下啲豬腳毛（燒一下豬蹄的表面已達到去毛的目的）,,
歎,[tʰaːm˩],tam4,taam4,tàm,taam4,碳,,,享受：～世界,饌,
錔,[tʰaːp̚˧]],tap8,taap8,táp,taap3,塔,,,鎖上：～佢（用手銬鎖上）,錔,
撻,[tʰaːp̚˧]],tap8,taap8,táp,taap3,塔,,,比目魚：～沙魚,鰨/鰈,
靸,[tʰaːt̚˥],tat7,taat7,tat,taat1, 韃陰入,,,指穿鞋時將後跟壓下拖着走，很隨便的樣子：～住對拖鞋。,,
撻,[tʰaːt̚˥],tat7,taat7,tat,taat1, 韃陰入,,,音譯自英文tart：蛋～,tart,
撻,[tʰaːt̚˧],tat8,taat8,tát,taat3,韃,,,～大隻腳周圍行（光着腳到處逛）,,
遢,[tʰaːt̚˧],tat8,taat8,tát,taat3,撻,,,邋～（骯髒，不乾淨）,遢,
頹,[tʰɵy˩],tœy4,toey4,tờư,teoi4,他除切,,,頹廢之省，垂頭喪氣：好～,頹,
趯/tick,[tʰɪk̚˥],tɪk7,tik7,tik,tik1, 惕,,,（打）釣：打～,,
聽,[tʰɪŋ˥],tɪŋ1,ting1,ting,ting1,他英切,,,明（天）：～日、～晚,旦/天光,
砣/鉈,[tʰɔː˩],tɔ4,to4,tò,to4,駝,,,瓦片：無尾飛～（有去無回）,堶,
馱,[tʰɔː˩],tɔ4,to4,tò,to4,駝,,,背，一般指弓着腰地背：～住細路（背着孩子）,馱,
劏,[tʰɔːŋ˥],tɔŋ1,tong1,tong,tong1,湯,,,宰殺：～豬（殺豬）、～雞還神（粵語常用語：殺雞謝神）,,
趟,[tʰɔːŋ˧],tɔŋ3,tong3,tóng,tong3,燙,,,平行拉開的門：～門,褪/摥,
溫,[wɐn˥],wɐn1,wan1,wăn,wan1,瘟,,,沉醉於與異性纏綿：～女，～仔,,
搵,[wɐn˧˥],wɐn2,wan2,wẳn,wan2,穩,,,找：～人（找人）、～嘢（找東西）、～工（找工作）,捃,
韞/榲,[wɐn˧],wɐn3,wan3,wắn,wan3,慍,,,關押，扣押：拘留所～住啲小偷（小偷被關在拘留所）、用個籠～住隻雀（用籠把小鳥關起來）,攌,
屈,[wɐt̚˥],wɐt7,wat7,wăt,wat1,鬱,,,誣陷，以強勢使之屈服：～人，～機,屈,
煀,[wɐt̚˥],wɐt7,wat7,wăt,wat1,屈,,,把塗上醬油的肉略煎再加配料煮成：～雞，～鋰魚,爩,
核,[wɐt̚˨],wɐt9,wat9,wặt,wat6,烏佛切,,,外貌令人反感：～突,骨/鶻,
搲,[waː˧˥],wa2,waa2,wả,waa2,畫,,,用手指抓：隻貓～損咗我（貓把我抓傷了）、～開件衫（扒開衣服）,搲,
橫,[waːŋ˥],waŋ1,wang1,wăng,wang1,烏撐切,,,失敗：～咗,黃,
搲,[wɛː˧˥],wɛ2,we2,wẻ,we2,烏寫切,,,用手指抓（搲口語讀we2）：隻貓～損咗我（貓把我抓傷了）、～開件衫（扒開衣服）、～銀（賺錢）,搲,
滒,[wɔː˥],wɔ1,wo1,wo,wo1,窩,,,多汁，柔滑，粘稠：～蛋奶（生鷄蛋打入滾熱的牛奶中形成的滑膩的甜品）、～蛋牛肉飯,,
喎,[wɔː˧],wɔ3,wo3,wó,wo3,烏播切,,,"句末語氣詞【1】表示一種置身其外的語氣：我一啲都唔知～（我一點都不知道）
【2】表示輕微的讚嘆：好靚～（挺漂亮的）",,
喎,[wɔː˩˧],wɔ5,wo5,wõ,wo5,烏我切,,,破壞，弄糟：搞～,涴,
喎,[wɔː˩˧],wɔ5,wo5,wõ,wo5,烏我切,,,"句末語氣詞【1】表示陳述別人觀點的語氣：佢話唔得～（他說不行的）、佢叫你過去～（他叫你過去）
【2】帶有諷刺意味：係咯～（才不是呢！）",,
鑊,[wɔːk̚˨],wɔk9,wok9,wọk,wok6,獲,,,用來炒菜的鍋：～鏟、大～（引申義為「糟糕」）,,
煨,[wuːi˥],wui1,wui1,wui,wui1,偎,,,放在火堆的炭灰裡燒熟：～番薯,,
仔,[tsɐi˧˥],dzɐi2,dzai2,zẳi,zai2,至矮切,,,"【1】用法相當於「子」，意為小東西：細路～（小孩子）、雀～（小鳥）、杯～（小杯子）
【2】兒子：～女（兒女）",子/崽,
掣,[tsɐi˧],dzɐi3,dzai3,zhắi,zai3,制,,,開關、按鈕：電～（電開關）、手～（遊戲機的搖杆）,,
枕,[tsɐm˧˥],dzɐm2,dzam2,zhẳm,zam2,怎,,,後腦勺：後尾～,䪴,
浸,[tsɐm˧],dzɐm3,dzam3,zắm,zam3,至暗切,,,涼意：涼～～,㓎,
執,[tsɐp̚˥],dzɐp7,dzap7,zhăp,zap1,汁,,,撿，拾，拿：～藥，～貨。量詞，一撮：一～毛,撮,
質,[tsɐt̚˥],dzɐt7,dzat7,zhăt,zat1,騭,,,地方淺窄：屈～,窄,
質,[tsɐt̚˥],dzɐt7,dzat7,zhăt,zat1,騭,,,擳,軋/拶/卙,
騭,[tsɐt̚˥],dzɐt7,dzat7,zhăt,zat1,質,,,陰～：形容做傷天害理的事。,,
窒,[tsɐt̚˨],dzɐt9,dzat9,zhặt,zat6,侄,,,本義為「堵」、「塞」，不及物動詞：口～～（結結巴巴）、突然～住（突然停住）；可引申為及物動詞，意為「使別人沒話説」：～到佢冇聲出（用言語堵得他沒話說。）,,
揸,[tsaː˥],dza1,dzaa1,zha,zaa1,渣,,,用手指抓東西：～住把刀（手拿着到）、～車（開車）、揸篼乞食（拿飯碗乞討）,抯,
揸,[tsaː˥],dza1,dzaa1,zha,zaa1,渣,,,有把握：有～拏（拿）,觰,
渣,[tsaː˧˥],dza2,dzaa2,zhả,zaa2,至把切,,,品質差劣，水準低：～嘢，好～,沮/苴/䕢,
咋,[tsaː˧],dza3,dzaa3,zhá,zaa3,榨,,,句末語氣詞，相當於「才」、「罷了」、「而已」：我去過一次～（我才去過一次）、我得10文～（我祇有10塊錢）,,
鮓/蚱,[tsaː˧],dza3,dzaa3,zhá,zaa3,榨,,,水母：白～,䖳,
拃,[tsaː˨],dza6,dzaa6,zhạ,zaa6,至下切,,,"【1】用手抓的一把，或形容一堆數量繁多的東西：一～芝麻（一把芝麻）、一～螞蟻（一群螞蟻）
【2】堵住、塞住：～住巷口（堵住胡同口）",,
磧,[tsaːk̚˧],dzak8,dzaak8,zhák,zaak3,責,,,重物壓於上：嚿石～住隻腳、大石～死蟹,,
責,[tsaːk̚˧],dzak8,dzaak8,zhák,zaak3,責,,,砸，壓：大石～死蟹，～年（厭歲）,笮,
䁪,[tsaːm˧˥],dzam2,dzaam2,zảm,zaam2,至減切,,,眨眼：～眼,䁪,
盞,[tsaːn˧˥],dzan2,dzaan2,zản,zaan2,盞,,,美妙、有趣：呢隻古仔好～鬼（這個故事眞妙）,㜺,
趲,[tsaːn˧˥],dzan2,dzaan2,zản,zaan2,盞,,,走～（鬆動）,,
踭,[tsaːŋ˥],dzaŋ1,dzaang1,zhang,zaang1,爭,,,"【1】肘：手～
【2】腳跟：腳～、高～鞋（高跟鞋）",踵,
鬇,[tsaːŋ˥],dzaŋ1,dzaang1,zhang,zaang1,踭,,,頭髮蓬鬆而淩亂：頭髮起晒～（頭髮蓬鬆）,,
掙/綻,[tsaːŋ˨],dzaŋ6,dzaang6,zhạng,zaang6,至硬切,,,撐，使之充滿：～爆件衫,掟/䂻/撐,
掙/綻,[tsaːŋ˨],dzaŋ6,dzaang6,zhạng,zaang6,至硬切,,,過飽，肚皮撐著：～爆肚,𩞬,
鈒,[tsaːp̚˨],dzap9,dzaap9,zạp,zaap6,閘,,,～骨（衣服等鎖邊）,,
甴,[tsaːt˧˥],dzat2,dzaat2,zhảt,zaat2,紮陰上,,,曱甴（蟑螂）,蚻,台語寫作「虼蚻」
棹,[tsaːu˨],dzau6,dzaau6,zhạu,zaau6,驟,,,～艇（划艇）,,
罩,[tsaːu˨],dzau6,dzaau6,zhạu,zaau6,驟,,,,㷹,
啫,[tsɛː˥],dzɛ1,dze1,zhe,ze1,遮,,,句末語氣詞：關你咩事～？（不滿語氣：關你什麼事呀？）、好唔好～？（追問：好不好啊？）,,"通常聽聞讀音為/zek1/。
陳註：未聽過。"
精,[tsɛːŋ˥],dzɛŋ1,dzeng1,zeng,zeng1,至廳切,,,太陽穴：魂～,精,
正,[tsɛːŋ˧],dzɛŋ3,dzeng3,zhéng,zeng3,至鏡切,,,上乘，漂亮：～嘢,精,
淨,[tsɛːŋ˨],dzɛŋ6,dzeng6,zẹng,zeng6,鄭,,,堅實，堅強：硬～,錚/掙,
樽,[tsɵn˥],dzœn1,dzoen1,zơn,zeon1,津,,,瓶：玻璃～、膠～,,
捽,[tsɵt̚˥],dzœt7,dzoet7,zơt,zeot1,卒,,,搓、擦：～老泥（搓污垢）,捽,
卒,[tsɵt̚˥],dzœt7,dzoet7,zơt,zeot1,至出切,,,烏黑的，通常曡用：黑～～、烏～～,黢,
螆,[tsiː˥],dzi1,dzi1,zi,zi1,之,,,蚊子、蠓蟲等小飛蟲的總稱：蚊～,,
癪,[tsɪk̚˥],dzɪk7,dzik7,zik,zik1,積,,,疳積病：生～（疳積病）,,
尖,[tsiːm˥],dzim1,dzim1,zim,zim1,詹,,,插對：打～,櫼,
摺,[tsiːp̚˧],dzip8,dzip8,zíp,zip3,接,,,折、疊：～紙、～被,,
瀄,[tsiːt̚˥],dzit7,dzit7,zit,zit1,擳,,,液體濺出或噴出：畀啲水～到週身濕晒（被水濺到滿身濕透）、佢用水槍～我（他用水槍射我）,,
擳/唧,[tsiːt̚˥],dzit7,dzit7,zit,zit1,瀄,,,通過擠壓以把内部東西逼出：～牙膏、～暗瘡,,
照,[tsiːu˧],dziu3,dziu3,zhíu,ziu3, 詔,,,照顧，關照：放心啦，入面有熟人～住（放心吧，裏面有熟人關照）、我～你（我關照着你）,,
𡁻,[tsiːu˨],dziu6,dziu6,zhịu,ziu6,趙,,,嚼、咀嚼：～香口膠、～完鬆（比喻佔了便宜就跑）,噍,
摷/趙,[tsiːu˨],dziu6,dziu6,zhịu,ziu6,趙,,,打：～佢一鑊（打他一頓）,摷/肇,
咗,[tsɔː˧˥],dzɔ2,dzo2,zhỏ,zo2,阻,,,表示動作完成，相當於「了」：完成～任務（完成了任務）、走～（走了）,徂/著,"原爲""唨"""
𥅾/裝,[tsɔːŋ˥],dzɔŋ1,dzong1,zhong,zong1,莊,,,窺視，偷窺：～人沖涼,䁓/䚎,
盅,[tsʊŋ˥],dzuŋ1,dzung1,zhung,zung1,忠,,,一種體積較少的器皿：煙灰～、口～、茶～,,
舂,[tsʊŋ˥],dzuŋ1,dzung1,zhung,zung1,忠,,,撞向或用拳擊打：～個頭埋去，一拳～過去,撞/摏,
仲/重,[tsʊŋ˨],dzuŋ6,dzung6,zhụng,zung6,仲,,,還，再，更：～有（還有）、～係（還是）、～好（更好）,,
啜,[tsyːt̚˧],dzyt8,dzyut8,zhứt,zyut3,至血切,,,用嘴吮吸，吻：～田螺、～一啖（吻一下）,,
總字數：,606,,,,,,,,,,
